eski_satir	yeni_dosya	yeni_satir
1	90-kronoloji/00-devir.md	8
2	90-kronoloji/00-devir.md	9
3	90-kronoloji/00-devir.md	10
4	90-kronoloji/00-devir.md	11
5	90-kronoloji/00-devir.md	12
6	90-kronoloji/00-devir.md	13
7	90-kronoloji/00-devir.md	14
8	90-kronoloji/00-devir.md	15
9	90-kronoloji/00-devir.md	16
10	90-kronoloji/00-devir.md	17
11	90-kronoloji/00-devir.md	18
12	90-kronoloji/00-devir.md	19
13	90-kronoloji/00-devir.md	20
14	90-kronoloji/00-devir.md	21
15	90-kronoloji/00-devir.md	22
16	90-kronoloji/00-devir.md	23
17	90-kronoloji/00-devir.md	24
18	90-kronoloji/00-devir.md	25
19	90-kronoloji/00-devir.md	26
20	90-kronoloji/00-devir.md	27
21	90-kronoloji/00-devir.md	28
22	90-kronoloji/00-devir.md	29
23	90-kronoloji/00-devir.md	30
24	90-kronoloji/00-devir.md	31
25	90-kronoloji/00-devir.md	32
26	90-kronoloji/00-devir.md	33
27	90-kronoloji/00-devir.md	34
28	90-kronoloji/00-devir.md	35
29	90-kronoloji/00-devir.md	36
30	90-kronoloji/00-devir.md	37
31	90-kronoloji/00-devir.md	38
32	90-kronoloji/00-devir.md	39
33	90-kronoloji/00-devir.md	40
34	90-kronoloji/00-devir.md	41
35	90-kronoloji/2026-02.md	8
36	90-kronoloji/2026-02.md	9
37	90-kronoloji/2026-02.md	10
38	90-kronoloji/2026-02.md	11
39	90-kronoloji/2026-02.md	12
40	90-kronoloji/2026-02.md	13
41	90-kronoloji/2026-02.md	14
42	90-kronoloji/2026-02.md	15
43	90-kronoloji/2026-02.md	16
44	90-kronoloji/2026-02.md	17
45	90-kronoloji/2026-02.md	18
46	90-kronoloji/2026-02.md	19
47	90-kronoloji/2026-02.md	20
48	90-kronoloji/2026-02.md	21
49	90-kronoloji/2026-02.md	22
50	90-kronoloji/2026-02.md	23
51	90-kronoloji/2026-02.md	24
52	90-kronoloji/2026-02.md	25
53	90-kronoloji/2026-02.md	26
54	90-kronoloji/2026-02.md	27
55	90-kronoloji/2026-02.md	28
56	90-kronoloji/2026-02.md	29
57	90-kronoloji/2026-02.md	30
58	90-kronoloji/2026-02.md	31
59	90-kronoloji/2026-02.md	32
60	90-kronoloji/2026-02.md	33
61	90-kronoloji/2026-02.md	34
62	90-kronoloji/2026-02.md	35
63	90-kronoloji/2026-02.md	36
64	90-kronoloji/2026-02.md	37
65	90-kronoloji/2026-02.md	38
66	90-kronoloji/2026-02.md	39
67	90-kronoloji/2026-02.md	40
68	90-kronoloji/2026-02.md	41
69	90-kronoloji/2026-02.md	42
70	90-kronoloji/2026-02.md	43
71	90-kronoloji/2026-02.md	44
72	90-kronoloji/2026-02.md	45
73	90-kronoloji/2026-02.md	46
74	90-kronoloji/2026-02.md	47
75	90-kronoloji/2026-02.md	48
76	90-kronoloji/2026-02.md	49
77	90-kronoloji/2026-02.md	50
78	90-kronoloji/2026-02.md	51
79	90-kronoloji/2026-02.md	52
80	90-kronoloji/2026-02.md	53
81	90-kronoloji/2026-02.md	54
82	90-kronoloji/2026-02.md	55
83	90-kronoloji/2026-02.md	56
84	90-kronoloji/2026-02.md	57
85	90-kronoloji/2026-02.md	58
86	90-kronoloji/2026-02.md	59
87	90-kronoloji/2026-02.md	60
88	90-kronoloji/2026-02.md	61
89	90-kronoloji/2026-02.md	62
90	90-kronoloji/2026-02.md	63
91	90-kronoloji/2026-02.md	64
92	90-kronoloji/2026-02.md	65
93	90-kronoloji/2026-02.md	66
94	90-kronoloji/2026-02.md	67
95	90-kronoloji/2026-02.md	68
96	90-kronoloji/2026-02.md	69
97	90-kronoloji/2026-02.md	70
98	90-kronoloji/2026-02.md	71
99	90-kronoloji/2026-02.md	72
100	90-kronoloji/2026-02.md	73
101	90-kronoloji/2026-05.md	11
102	90-kronoloji/2026-05.md	12
103	90-kronoloji/2026-05.md	13
104	90-kronoloji/2026-05.md	14
105	90-kronoloji/2026-05.md	15
106	90-kronoloji/2026-05.md	16
107	90-kronoloji/2026-05.md	17
108	90-kronoloji/2026-05.md	18
109	90-kronoloji/2026-05.md	19
110	90-kronoloji/2026-05.md	20
111	90-kronoloji/2026-05.md	21
112	90-kronoloji/2026-05.md	22
113	90-kronoloji/2026-05.md	23
114	90-kronoloji/2026-05.md	24
115	90-kronoloji/2026-05.md	25
116	90-kronoloji/2026-05.md	26
117	90-kronoloji/2026-05.md	27
118	90-kronoloji/2026-05.md	28
119	90-kronoloji/2026-05.md	29
120	90-kronoloji/2026-05.md	30
121	90-kronoloji/2026-05.md	31
122	90-kronoloji/2026-05.md	32
123	90-kronoloji/2026-05.md	33
124	90-kronoloji/2026-05.md	34
125	90-kronoloji/2026-05.md	35
126	90-kronoloji/2026-05.md	36
127	90-kronoloji/2026-05.md	37
128	90-kronoloji/2026-05.md	38
129	90-kronoloji/2026-05.md	39
130	90-kronoloji/2026-05.md	40
131	90-kronoloji/2026-05.md	41
132	90-kronoloji/2026-05.md	42
133	90-kronoloji/2026-05.md	43
134	90-kronoloji/2026-05.md	44
135	90-kronoloji/2026-05.md	45
136	90-kronoloji/2026-05.md	46
137	90-kronoloji/2026-05.md	47
138	90-kronoloji/2026-05.md	48
139	90-kronoloji/2026-05.md	49
140	90-kronoloji/2026-05.md	50
141	90-kronoloji/2026-05.md	51
142	90-kronoloji/2026-05.md	52
143	90-kronoloji/2026-05.md	53
144	90-kronoloji/2026-05.md	54
145	90-kronoloji/2026-05.md	55
146	90-kronoloji/2026-05.md	56
147	90-kronoloji/2026-05.md	57
148	90-kronoloji/2026-05.md	58
149	90-kronoloji/2026-05.md	59
150	90-kronoloji/2026-05.md	60
151	90-kronoloji/2026-05.md	61
152	90-kronoloji/2026-05.md	62
153	90-kronoloji/2026-05.md	63
154	90-kronoloji/2026-05.md	64
155	90-kronoloji/2026-05.md	65
156	90-kronoloji/2026-05.md	66
157	90-kronoloji/2026-05.md	67
158	90-kronoloji/2026-05.md	68
159	90-kronoloji/2026-05.md	69
160	90-kronoloji/2026-05.md	70
161	90-kronoloji/2026-05.md	71
162	90-kronoloji/2026-05.md	72
163	90-kronoloji/2026-05.md	73
164	90-kronoloji/2026-05.md	74
165	90-kronoloji/2026-05.md	75
166	90-kronoloji/2026-05.md	76
167	90-kronoloji/2026-05.md	77
168	90-kronoloji/2026-05.md	78
169	90-kronoloji/2026-05.md	79
170	90-kronoloji/2026-05.md	80
171	90-kronoloji/2026-05.md	81
172	90-kronoloji/2026-05.md	82
173	90-kronoloji/2026-05.md	83
174	90-kronoloji/2026-05.md	84
175	90-kronoloji/2026-05.md	85
176	90-kronoloji/2026-05.md	86
177	90-kronoloji/2026-05.md	87
178	90-kronoloji/2026-05.md	88
179	90-kronoloji/2026-05.md	89
180	90-kronoloji/2026-05.md	90
181	90-kronoloji/2026-05.md	91
182	90-kronoloji/2026-05.md	92
183	90-kronoloji/2026-05.md	93
184	90-kronoloji/2026-05.md	94
185	90-kronoloji/2026-05.md	95
186	90-kronoloji/2026-05.md	96
187	90-kronoloji/2026-05.md	97
188	90-kronoloji/2026-05.md	98
189	90-kronoloji/2026-05.md	99
190	90-kronoloji/2026-05.md	100
191	90-kronoloji/2026-05.md	101
192	90-kronoloji/2026-05.md	102
193	90-kronoloji/2026-05.md	103
194	90-kronoloji/2026-05.md	104
195	90-kronoloji/2026-05.md	105
196	90-kronoloji/2026-05.md	106
197	90-kronoloji/2026-05.md	107
198	90-kronoloji/2026-05.md	108
199	90-kronoloji/2026-05.md	109
200	90-kronoloji/2026-05.md	110
201	90-kronoloji/2026-05.md	111
202	90-kronoloji/2026-05.md	112
203	90-kronoloji/2026-05.md	113
204	90-kronoloji/2026-05.md	114
205	90-kronoloji/2026-05.md	115
206	90-kronoloji/2026-05.md	116
207	90-kronoloji/2026-05.md	117
208	90-kronoloji/2026-05.md	118
209	90-kronoloji/2026-05.md	119
210	90-kronoloji/2026-05.md	120
211	90-kronoloji/2026-05.md	121
212	90-kronoloji/2026-05.md	122
213	90-kronoloji/2026-05.md	123
214	90-kronoloji/2026-05.md	124
215	90-kronoloji/2026-05.md	125
216	90-kronoloji/2026-05.md	126
217	90-kronoloji/2026-05.md	127
218	90-kronoloji/2026-05.md	128
219	90-kronoloji/2026-05.md	129
220	90-kronoloji/2026-05.md	130
221	90-kronoloji/2026-05.md	131
222	90-kronoloji/2026-05.md	132
223	90-kronoloji/2026-05.md	133
224	90-kronoloji/2026-05.md	134
225	90-kronoloji/2026-05.md	135
226	90-kronoloji/2026-05.md	136
227	90-kronoloji/2026-05.md	137
228	90-kronoloji/2026-05.md	138
229	90-kronoloji/2026-05.md	139
230	90-kronoloji/2026-05.md	140
231	90-kronoloji/2026-05.md	141
232	90-kronoloji/2026-05.md	142
233	90-kronoloji/2026-05.md	143
234	90-kronoloji/2026-05.md	144
235	90-kronoloji/2026-05.md	145
236	90-kronoloji/2026-05.md	146
237	90-kronoloji/2026-05.md	147
238	90-kronoloji/2026-05.md	148
239	90-kronoloji/2026-05.md	149
240	90-kronoloji/2026-05.md	150
241	90-kronoloji/2026-05.md	151
242	90-kronoloji/2026-05.md	152
243	90-kronoloji/2026-05.md	153
244	90-kronoloji/2026-05.md	154
245	90-kronoloji/2026-05.md	155
246	90-kronoloji/2026-05.md	156
247	90-kronoloji/2026-05.md	157
248	90-kronoloji/2026-05.md	158
249	90-kronoloji/2026-05.md	159
250	90-kronoloji/2026-05.md	160
251	90-kronoloji/2026-05.md	161
252	90-kronoloji/2026-05.md	162
253	90-kronoloji/2026-05.md	163
254	90-kronoloji/2026-05.md	164
255	90-kronoloji/2026-05.md	165
256	90-kronoloji/2026-05.md	166
257	90-kronoloji/2026-05.md	167
258	90-kronoloji/2026-05.md	168
259	90-kronoloji/2026-05.md	169
260	90-kronoloji/2026-05.md	170
261	90-kronoloji/2026-05.md	171
262	90-kronoloji/2026-05.md	172
263	90-kronoloji/2026-05.md	173
264	90-kronoloji/2026-05.md	174
265	90-kronoloji/2026-05.md	175
266	90-kronoloji/2026-05.md	176
267	90-kronoloji/2026-05.md	177
268	90-kronoloji/2026-05.md	178
269	90-kronoloji/2026-05.md	179
270	90-kronoloji/2026-05.md	180
271	90-kronoloji/2026-05.md	181
272	90-kronoloji/2026-05.md	182
273	90-kronoloji/2026-05.md	183
274	90-kronoloji/2026-05.md	184
275	90-kronoloji/2026-05.md	185
276	90-kronoloji/2026-05.md	186
277	90-kronoloji/2026-05.md	187
278	90-kronoloji/2026-05.md	188
279	90-kronoloji/2026-05.md	189
280	90-kronoloji/2026-05.md	190
281	90-kronoloji/2026-05.md	191
282	90-kronoloji/2026-05.md	192
283	90-kronoloji/2026-05.md	193
284	90-kronoloji/2026-05.md	194
285	90-kronoloji/2026-05.md	195
286	90-kronoloji/2026-05.md	196
287	90-kronoloji/2026-05.md	197
288	90-kronoloji/2026-05.md	198
289	90-kronoloji/2026-05.md	199
290	90-kronoloji/2026-05.md	200
291	90-kronoloji/2026-05.md	201
292	90-kronoloji/2026-05.md	202
293	90-kronoloji/2026-05.md	203
294	90-kronoloji/2026-05.md	204
295	90-kronoloji/2026-05.md	205
296	90-kronoloji/2026-05.md	206
297	90-kronoloji/2026-05.md	207
298	90-kronoloji/2026-05.md	208
299	90-kronoloji/2026-05.md	209
300	90-kronoloji/2026-05.md	210
301	90-kronoloji/2026-05.md	211
302	90-kronoloji/2026-05.md	212
303	90-kronoloji/2026-05.md	213
304	90-kronoloji/2026-05.md	214
305	90-kronoloji/2026-05.md	215
306	90-kronoloji/2026-05.md	216
307	90-kronoloji/2026-05.md	217
308	90-kronoloji/2026-05.md	218
309	90-kronoloji/2026-05.md	219
310	90-kronoloji/2026-05.md	220
311	90-kronoloji/2026-05.md	221
312	90-kronoloji/2026-05.md	222
313	90-kronoloji/2026-05.md	223
314	90-kronoloji/2026-05.md	224
315	90-kronoloji/2026-05.md	225
316	90-kronoloji/2026-05.md	226
317	90-kronoloji/2026-05.md	227
318	90-kronoloji/2026-05.md	228
319	90-kronoloji/2026-05.md	229
320	90-kronoloji/2026-05.md	230
321	90-kronoloji/2026-05.md	231
322	90-kronoloji/2026-05.md	232
323	90-kronoloji/2026-05.md	233
324	90-kronoloji/2026-05.md	234
325	90-kronoloji/2026-05.md	235
326	90-kronoloji/2026-05.md	236
327	90-kronoloji/2026-05.md	237
328	90-kronoloji/2026-05.md	238
329	90-kronoloji/2026-05.md	239
330	90-kronoloji/2026-05.md	240
331	90-kronoloji/2026-05.md	241
332	90-kronoloji/2026-05.md	242
333	90-kronoloji/2026-05.md	243
334	90-kronoloji/2026-05.md	244
335	90-kronoloji/2026-05.md	245
336	90-kronoloji/2026-05.md	246
337	90-kronoloji/2026-05.md	247
338	90-kronoloji/2026-05.md	248
339	90-kronoloji/2026-05.md	249
340	90-kronoloji/2026-05.md	250
341	90-kronoloji/2026-05.md	251
342	90-kronoloji/2026-05.md	252
343	90-kronoloji/2026-05.md	253
344	90-kronoloji/2026-05.md	254
345	90-kronoloji/2026-05.md	255
346	90-kronoloji/2026-05.md	256
347	90-kronoloji/2026-05.md	257
348	90-kronoloji/2026-05.md	258
349	90-kronoloji/2026-05.md	259
350	90-kronoloji/2026-05.md	260
351	90-kronoloji/2026-05.md	261
352	90-kronoloji/2026-05.md	262
353	90-kronoloji/2026-05.md	263
354	90-kronoloji/2026-05.md	264
355	90-kronoloji/2026-05.md	265
356	90-kronoloji/2026-05.md	266
357	90-kronoloji/2026-05.md	267
358	90-kronoloji/2026-05.md	268
359	90-kronoloji/2026-05.md	269
360	90-kronoloji/2026-05.md	270
361	90-kronoloji/2026-05.md	271
362	90-kronoloji/2026-05.md	272
363	90-kronoloji/2026-05.md	273
364	90-kronoloji/2026-05.md	274
365	90-kronoloji/2026-05.md	275
366	90-kronoloji/2026-05.md	276
367	90-kronoloji/2026-05.md	277
368	90-kronoloji/2026-05.md	278
369	90-kronoloji/2026-05.md	279
370	90-kronoloji/2026-05.md	280
371	90-kronoloji/2026-05.md	281
372	90-kronoloji/2026-05.md	282
373	90-kronoloji/2026-05.md	283
374	90-kronoloji/2026-05.md	284
375	90-kronoloji/2026-05.md	285
376	90-kronoloji/2026-05.md	286
377	90-kronoloji/2026-05.md	287
378	90-kronoloji/2026-05.md	288
379	90-kronoloji/2026-05.md	289
380	90-kronoloji/2026-05.md	290
381	90-kronoloji/2026-05.md	291
382	90-kronoloji/2026-05.md	292
383	90-kronoloji/2026-05.md	293
384	90-kronoloji/2026-05.md	294
385	90-kronoloji/2026-05.md	295
386	90-kronoloji/2026-05.md	296
387	90-kronoloji/2026-05.md	297
388	90-kronoloji/2026-05.md	298
389	90-kronoloji/2026-05.md	299
390	90-kronoloji/2026-05.md	300
391	90-kronoloji/2026-05.md	301
392	90-kronoloji/2026-05.md	302
393	90-kronoloji/2026-05.md	303
394	90-kronoloji/2026-05.md	304
395	90-kronoloji/2026-05.md	305
396	90-kronoloji/2026-05.md	306
397	90-kronoloji/2026-05.md	307
398	90-kronoloji/2026-05.md	308
399	90-kronoloji/2026-05.md	309
400	90-kronoloji/2026-05.md	310
401	90-kronoloji/2026-05.md	311
402	90-kronoloji/2026-05.md	312
403	90-kronoloji/2026-05.md	313
404	90-kronoloji/2026-05.md	314
405	90-kronoloji/2026-05.md	315
406	90-kronoloji/2026-05.md	316
407	90-kronoloji/2026-05.md	317
408	90-kronoloji/2026-05.md	318
409	90-kronoloji/2026-05.md	319
410	90-kronoloji/2026-05.md	320
411	90-kronoloji/2026-05.md	321
412	90-kronoloji/2026-05.md	322
413	90-kronoloji/2026-05.md	323
414	90-kronoloji/2026-05.md	324
415	90-kronoloji/2026-05.md	325
416	90-kronoloji/2026-05.md	326
417	90-kronoloji/2026-05.md	327
418	90-kronoloji/2026-05.md	328
419	90-kronoloji/2026-05.md	329
420	90-kronoloji/2026-05.md	330
421	90-kronoloji/2026-05.md	331
422	90-kronoloji/2026-05.md	332
423	90-kronoloji/2026-05.md	333
424	90-kronoloji/2026-05.md	334
425	90-kronoloji/2026-05.md	335
426	90-kronoloji/2026-05.md	336
427	90-kronoloji/2026-05.md	337
428	90-kronoloji/2026-05.md	338
429	90-kronoloji/2026-05.md	339
430	90-kronoloji/2026-05.md	340
431	90-kronoloji/2026-05.md	341
432	90-kronoloji/2026-05.md	342
433	90-kronoloji/2026-05.md	343
434	90-kronoloji/2026-05.md	344
435	90-kronoloji/2026-05.md	345
436	90-kronoloji/2026-05.md	346
437	90-kronoloji/2026-05.md	347
438	90-kronoloji/2026-05.md	348
439	90-kronoloji/2026-05.md	349
440	90-kronoloji/2026-05.md	350
441	90-kronoloji/2026-05.md	351
442	90-kronoloji/2026-05.md	352
443	90-kronoloji/2026-05.md	353
444	90-kronoloji/2026-05.md	354
445	90-kronoloji/2026-05.md	355
446	90-kronoloji/2026-05.md	356
447	90-kronoloji/2026-05.md	357
448	90-kronoloji/2026-05.md	358
449	90-kronoloji/2026-05.md	359
450	90-kronoloji/2026-05.md	360
451	90-kronoloji/2026-05.md	361
452	90-kronoloji/2026-05.md	362
453	90-kronoloji/2026-05.md	363
454	90-kronoloji/2026-05.md	364
455	90-kronoloji/2026-05.md	365
456	90-kronoloji/2026-05.md	366
457	90-kronoloji/2026-05.md	367
458	90-kronoloji/2026-05.md	368
459	90-kronoloji/2026-05.md	369
460	90-kronoloji/2026-05.md	370
461	90-kronoloji/2026-05.md	371
462	90-kronoloji/2026-05.md	372
463	90-kronoloji/2026-05.md	373
464	90-kronoloji/2026-05.md	374
465	90-kronoloji/2026-05.md	375
466	90-kronoloji/2026-05.md	376
467	90-kronoloji/2026-05.md	377
468	90-kronoloji/2026-05.md	378
469	90-kronoloji/2026-05.md	379
470	90-kronoloji/2026-05.md	380
471	90-kronoloji/2026-05.md	381
472	90-kronoloji/2026-05.md	382
473	90-kronoloji/2026-05.md	383
474	90-kronoloji/2026-05.md	384
475	90-kronoloji/2026-05.md	385
476	90-kronoloji/2026-05.md	386
477	90-kronoloji/2026-05.md	387
478	90-kronoloji/2026-05.md	388
479	90-kronoloji/2026-05.md	389
480	90-kronoloji/2026-05.md	390
481	90-kronoloji/2026-05.md	391
482	90-kronoloji/2026-05.md	392
483	90-kronoloji/2026-05.md	393
484	90-kronoloji/2026-05.md	394
485	90-kronoloji/2026-05.md	395
486	90-kronoloji/2026-05.md	396
487	90-kronoloji/2026-05.md	397
488	90-kronoloji/2026-05.md	398
489	90-kronoloji/2026-05.md	399
490	90-kronoloji/2026-05.md	400
491	90-kronoloji/2026-05.md	401
492	90-kronoloji/2026-05.md	402
493	90-kronoloji/2026-05.md	403
494	90-kronoloji/2026-05.md	404
495	90-kronoloji/2026-05.md	405
496	90-kronoloji/2026-05.md	406
497	90-kronoloji/2026-05.md	407
498	90-kronoloji/2026-05.md	408
499	90-kronoloji/2026-05.md	409
500	90-kronoloji/2026-05.md	410
501	90-kronoloji/2026-05.md	411
502	90-kronoloji/2026-05.md	412
503	90-kronoloji/2026-05.md	413
504	90-kronoloji/2026-05.md	414
505	90-kronoloji/2026-05.md	415
506	90-kronoloji/2026-05.md	416
507	90-kronoloji/2026-05.md	417
508	90-kronoloji/2026-05.md	418
509	90-kronoloji/2026-05.md	419
510	90-kronoloji/2026-05.md	420
511	90-kronoloji/2026-05.md	421
512	90-kronoloji/2026-05.md	422
513	90-kronoloji/2026-05.md	423
514	90-kronoloji/2026-05.md	424
515	90-kronoloji/2026-05.md	425
516	90-kronoloji/2026-05.md	426
517	90-kronoloji/2026-05.md	427
518	90-kronoloji/2026-05.md	428
519	90-kronoloji/2026-05.md	429
520	90-kronoloji/2026-05.md	430
521	90-kronoloji/2026-05.md	431
522	90-kronoloji/2026-05.md	432
523	90-kronoloji/2026-05.md	433
524	90-kronoloji/2026-05.md	434
525	90-kronoloji/2026-05.md	435
526	90-kronoloji/2026-05.md	436
527	90-kronoloji/2026-05.md	437
528	90-kronoloji/2026-05.md	438
529	90-kronoloji/2026-05.md	439
530	90-kronoloji/2026-05.md	440
531	90-kronoloji/2026-05.md	441
532	90-kronoloji/2026-05.md	442
533	90-kronoloji/2026-05.md	443
534	90-kronoloji/2026-05.md	444
535	90-kronoloji/2026-05.md	445
536	90-kronoloji/2026-05.md	446
537	90-kronoloji/2026-05.md	447
538	90-kronoloji/2026-05.md	448
539	90-kronoloji/2026-05.md	449
540	90-kronoloji/2026-05.md	450
541	90-kronoloji/2026-05.md	451
542	90-kronoloji/2026-05.md	452
543	90-kronoloji/2026-05.md	453
544	90-kronoloji/2026-05.md	454
545	90-kronoloji/2026-05.md	455
546	90-kronoloji/2026-05.md	456
547	90-kronoloji/2026-05.md	457
548	90-kronoloji/2026-05.md	458
549	90-kronoloji/2026-05.md	459
550	90-kronoloji/2026-05.md	460
551	90-kronoloji/2026-05.md	461
552	90-kronoloji/2026-05.md	462
553	90-kronoloji/2026-05.md	463
554	90-kronoloji/2026-05.md	464
555	90-kronoloji/2026-05.md	465
556	90-kronoloji/2026-05.md	466
557	90-kronoloji/2026-05.md	467
558	90-kronoloji/2026-05.md	468
559	90-kronoloji/2026-05.md	469
560	90-kronoloji/2026-05.md	470
561	90-kronoloji/2026-05.md	471
562	90-kronoloji/2026-05.md	472
563	90-kronoloji/2026-05.md	473
564	90-kronoloji/2026-05.md	474
565	90-kronoloji/2026-05.md	475
566	90-kronoloji/2026-05.md	476
567	90-kronoloji/2026-05.md	477
568	90-kronoloji/2026-05.md	478
569	90-kronoloji/2026-05.md	479
570	90-kronoloji/2026-05.md	480
571	90-kronoloji/2026-05.md	481
572	90-kronoloji/2026-05.md	482
573	90-kronoloji/2026-05.md	483
574	90-kronoloji/2026-05.md	484
575	90-kronoloji/2026-05.md	485
576	90-kronoloji/2026-05.md	486
577	90-kronoloji/2026-05.md	487
578	90-kronoloji/2026-05.md	488
579	90-kronoloji/2026-05.md	489
580	90-kronoloji/2026-05.md	490
581	90-kronoloji/2026-05.md	491
582	90-kronoloji/2026-05.md	492
583	90-kronoloji/2026-05.md	493
584	90-kronoloji/2026-05.md	494
585	90-kronoloji/2026-05.md	495
586	90-kronoloji/2026-05.md	496
587	90-kronoloji/2026-05.md	497
588	90-kronoloji/2026-05.md	498
589	90-kronoloji/2026-05.md	499
590	90-kronoloji/2026-05.md	500
591	90-kronoloji/2026-05.md	501
592	90-kronoloji/2026-05.md	502
593	90-kronoloji/2026-05.md	503
594	90-kronoloji/2026-05.md	504
595	90-kronoloji/2026-05.md	505
596	90-kronoloji/2026-05.md	506
597	90-kronoloji/2026-05.md	507
598	90-kronoloji/2026-05.md	508
599	90-kronoloji/2026-05.md	509
600	90-kronoloji/2026-05.md	510
601	90-kronoloji/2026-05.md	511
602	90-kronoloji/2026-05.md	512
603	90-kronoloji/2026-05.md	513
604	90-kronoloji/2026-05.md	514
605	90-kronoloji/2026-05.md	515
606	90-kronoloji/2026-05.md	516
607	90-kronoloji/2026-05.md	517
608	90-kronoloji/2026-05.md	518
609	90-kronoloji/2026-05.md	519
610	90-kronoloji/2026-05.md	520
611	90-kronoloji/2026-05.md	521
612	90-kronoloji/2026-05.md	522
613	90-kronoloji/2026-05.md	523
614	90-kronoloji/2026-05.md	524
615	90-kronoloji/2026-05.md	525
616	90-kronoloji/2026-05.md	526
617	90-kronoloji/2026-05.md	527
618	90-kronoloji/2026-05.md	528
619	90-kronoloji/2026-05.md	529
620	90-kronoloji/2026-05.md	530
621	90-kronoloji/2026-05.md	531
622	90-kronoloji/2026-05.md	532
623	90-kronoloji/2026-05.md	533
624	90-kronoloji/2026-05.md	534
625	90-kronoloji/2026-05.md	535
626	90-kronoloji/2026-05.md	536
627	90-kronoloji/2026-05.md	537
628	90-kronoloji/2026-05.md	538
629	90-kronoloji/2026-05.md	539
630	90-kronoloji/2026-05.md	540
631	90-kronoloji/2026-05.md	541
632	90-kronoloji/2026-05.md	542
633	90-kronoloji/2026-05.md	543
634	90-kronoloji/2026-05.md	544
635	90-kronoloji/2026-05.md	545
636	90-kronoloji/2026-05.md	546
637	90-kronoloji/2026-05.md	547
638	90-kronoloji/2026-05.md	548
639	90-kronoloji/2026-05.md	549
640	90-kronoloji/2026-05.md	550
641	90-kronoloji/2026-05.md	551
642	90-kronoloji/2026-05.md	552
643	90-kronoloji/2026-05.md	553
644	90-kronoloji/2026-05.md	554
645	90-kronoloji/2026-05.md	555
646	90-kronoloji/2026-05.md	556
647	90-kronoloji/2026-05.md	557
648	90-kronoloji/2026-05.md	558
649	90-kronoloji/2026-05.md	559
650	90-kronoloji/2026-05.md	560
651	90-kronoloji/2026-05.md	561
652	90-kronoloji/2026-05.md	562
653	90-kronoloji/2026-05.md	563
654	90-kronoloji/2026-05.md	564
655	90-kronoloji/2026-05.md	565
656	90-kronoloji/2026-05.md	566
657	90-kronoloji/2026-05.md	567
658	90-kronoloji/2026-05.md	568
659	90-kronoloji/2026-05.md	569
660	90-kronoloji/2026-05.md	570
661	90-kronoloji/2026-05.md	571
662	90-kronoloji/2026-05.md	572
663	90-kronoloji/2026-05.md	573
664	90-kronoloji/2026-05.md	574
665	90-kronoloji/2026-05.md	575
666	90-kronoloji/2026-05.md	576
667	90-kronoloji/2026-05.md	577
668	90-kronoloji/2026-05.md	578
669	90-kronoloji/2026-05.md	579
670	90-kronoloji/2026-05.md	580
671	90-kronoloji/2026-05.md	581
672	90-kronoloji/2026-05.md	582
673	90-kronoloji/2026-05.md	583
674	90-kronoloji/2026-05.md	584
675	90-kronoloji/2026-05.md	585
676	90-kronoloji/2026-05.md	586
677	90-kronoloji/2026-05.md	587
678	90-kronoloji/2026-05.md	588
679	90-kronoloji/2026-05.md	589
680	90-kronoloji/2026-05.md	590
681	90-kronoloji/2026-05.md	591
682	90-kronoloji/2026-05.md	592
683	90-kronoloji/2026-05.md	593
684	90-kronoloji/2026-05.md	594
685	90-kronoloji/2026-05.md	595
686	90-kronoloji/2026-05.md	596
687	90-kronoloji/2026-05.md	597
688	90-kronoloji/2026-05.md	598
689	90-kronoloji/2026-05.md	599
690	90-kronoloji/2026-05.md	600
691	90-kronoloji/2026-05.md	601
692	90-kronoloji/2026-05.md	602
693	90-kronoloji/2026-05.md	603
694	90-kronoloji/2026-05.md	604
695	90-kronoloji/2026-05.md	605
696	90-kronoloji/2026-05.md	606
697	90-kronoloji/2026-05.md	607
698	90-kronoloji/2026-05.md	608
699	90-kronoloji/2026-05.md	609
700	90-kronoloji/2026-05.md	610
701	90-kronoloji/2026-05.md	611
702	90-kronoloji/2026-05.md	612
703	90-kronoloji/2026-05.md	613
704	90-kronoloji/2026-05.md	614
705	90-kronoloji/2026-05.md	615
706	90-kronoloji/2026-05.md	616
707	90-kronoloji/2026-05.md	617
708	90-kronoloji/2026-05.md	618
709	90-kronoloji/2026-05.md	619
710	90-kronoloji/2026-05.md	620
711	90-kronoloji/2026-05.md	621
712	90-kronoloji/2026-05.md	622
713	90-kronoloji/2026-05.md	623
714	90-kronoloji/2026-05.md	624
715	90-kronoloji/2026-05.md	625
716	90-kronoloji/2026-05.md	626
717	90-kronoloji/2026-05.md	627
718	90-kronoloji/2026-05.md	628
719	90-kronoloji/2026-05.md	629
720	90-kronoloji/2026-05.md	630
721	90-kronoloji/2026-05.md	631
722	90-kronoloji/2026-05.md	632
723	90-kronoloji/2026-05.md	633
724	90-kronoloji/2026-05.md	634
725	90-kronoloji/2026-05.md	635
726	90-kronoloji/2026-05.md	636
727	90-kronoloji/2026-05.md	637
728	90-kronoloji/2026-05.md	638
729	90-kronoloji/2026-05.md	639
730	90-kronoloji/2026-05.md	640
731	90-kronoloji/2026-05.md	641
732	90-kronoloji/2026-05.md	642
733	90-kronoloji/2026-05.md	643
734	90-kronoloji/2026-05.md	644
735	90-kronoloji/2026-05.md	645
736	90-kronoloji/2026-05.md	646
737	90-kronoloji/2026-05.md	647
738	90-kronoloji/2026-05.md	648
739	90-kronoloji/2026-05.md	649
740	90-kronoloji/2026-05.md	650
741	90-kronoloji/2026-05.md	651
742	90-kronoloji/2026-05.md	652
743	90-kronoloji/2026-05.md	653
744	90-kronoloji/2026-05.md	654
745	90-kronoloji/2026-05.md	655
746	90-kronoloji/2026-05.md	656
747	90-kronoloji/2026-05.md	657
748	90-kronoloji/2026-05.md	658
749	90-kronoloji/2026-05.md	659
750	90-kronoloji/2026-05.md	660
751	90-kronoloji/2026-05.md	661
752	90-kronoloji/2026-05.md	662
753	90-kronoloji/2026-05.md	663
754	90-kronoloji/2026-05.md	664
755	90-kronoloji/2026-05.md	665
756	90-kronoloji/2026-05.md	666
757	90-kronoloji/2026-05.md	667
758	90-kronoloji/2026-05.md	668
759	90-kronoloji/2026-05.md	669
760	90-kronoloji/2026-05.md	670
761	90-kronoloji/2026-05.md	671
762	90-kronoloji/2026-05.md	672
763	90-kronoloji/2026-05.md	673
764	90-kronoloji/2026-05.md	674
765	90-kronoloji/2026-05.md	675
766	90-kronoloji/2026-05.md	676
767	90-kronoloji/2026-05.md	677
768	90-kronoloji/2026-05.md	678
769	90-kronoloji/2026-05.md	679
770	90-kronoloji/2026-05.md	680
771	90-kronoloji/2026-05.md	681
772	90-kronoloji/2026-05.md	682
773	90-kronoloji/2026-05.md	683
774	90-kronoloji/2026-05.md	684
775	90-kronoloji/2026-05.md	685
776	90-kronoloji/2026-05.md	686
777	90-kronoloji/2026-05.md	687
778	90-kronoloji/2026-05.md	688
779	90-kronoloji/2026-05.md	689
780	90-kronoloji/2026-05.md	690
781	90-kronoloji/2026-05.md	691
782	90-kronoloji/2026-05.md	692
783	90-kronoloji/2026-05.md	693
784	90-kronoloji/2026-05.md	694
785	90-kronoloji/2026-05.md	695
786	90-kronoloji/2026-05.md	696
787	90-kronoloji/2026-05.md	697
788	90-kronoloji/2026-05.md	698
789	90-kronoloji/2026-05.md	699
790	90-kronoloji/2026-05.md	700
791	90-kronoloji/2026-05.md	701
792	90-kronoloji/2026-05.md	702
793	90-kronoloji/2026-05.md	703
794	90-kronoloji/2026-05.md	704
795	90-kronoloji/2026-05.md	705
796	90-kronoloji/2026-05.md	706
797	90-kronoloji/2026-05.md	707
798	90-kronoloji/2026-05.md	708
799	90-kronoloji/2026-05.md	709
800	90-kronoloji/2026-05.md	710
801	90-kronoloji/2026-05.md	711
802	90-kronoloji/2026-05.md	712
803	90-kronoloji/2026-05.md	713
804	90-kronoloji/2026-05.md	714
805	90-kronoloji/2026-05.md	715
806	90-kronoloji/2026-05.md	716
807	90-kronoloji/2026-05.md	717
808	90-kronoloji/2026-05.md	718
809	90-kronoloji/2026-05.md	719
810	90-kronoloji/2026-05.md	720
811	90-kronoloji/2026-05.md	721
812	90-kronoloji/2026-05.md	722
813	90-kronoloji/2026-05.md	723
814	90-kronoloji/2026-05.md	724
815	90-kronoloji/2026-05.md	725
816	90-kronoloji/2026-05.md	726
817	90-kronoloji/2026-05.md	727
818	90-kronoloji/2026-05.md	728
819	90-kronoloji/2026-05.md	729
820	90-kronoloji/2026-05.md	730
821	90-kronoloji/2026-05.md	731
822	90-kronoloji/2026-05.md	732
823	90-kronoloji/2026-05.md	733
824	90-kronoloji/2026-05.md	734
825	90-kronoloji/2026-05.md	735
826	90-kronoloji/2026-05.md	736
827	90-kronoloji/2026-05.md	737
828	90-kronoloji/2026-05.md	738
829	90-kronoloji/2026-05.md	739
830	90-kronoloji/2026-05.md	740
831	90-kronoloji/2026-05.md	741
832	90-kronoloji/2026-05.md	742
833	90-kronoloji/2026-05.md	743
834	90-kronoloji/2026-05.md	744
835	90-kronoloji/2026-05.md	745
836	90-kronoloji/2026-05.md	746
837	90-kronoloji/2026-05.md	747
838	90-kronoloji/2026-05.md	748
839	90-kronoloji/2026-05.md	749
840	90-kronoloji/2026-05.md	750
841	90-kronoloji/2026-05.md	751
842	90-kronoloji/2026-05.md	752
843	90-kronoloji/2026-05.md	753
844	90-kronoloji/2026-05.md	754
845	90-kronoloji/2026-05.md	755
846	90-kronoloji/2026-05.md	756
847	90-kronoloji/2026-05.md	757
848	90-kronoloji/2026-05.md	758
849	90-kronoloji/2026-05.md	759
850	90-kronoloji/2026-05.md	760
851	90-kronoloji/2026-05.md	761
852	90-kronoloji/2026-05.md	762
853	90-kronoloji/2026-05.md	763
854	90-kronoloji/2026-05.md	764
855	90-kronoloji/2026-05.md	765
856	90-kronoloji/2026-05.md	766
857	90-kronoloji/2026-05.md	767
858	90-kronoloji/2026-05.md	768
859	90-kronoloji/2026-05.md	769
860	90-kronoloji/2026-05.md	770
861	90-kronoloji/2026-05.md	771
862	90-kronoloji/2026-05.md	772
863	90-kronoloji/2026-05.md	773
864	90-kronoloji/2026-05.md	774
865	90-kronoloji/2026-05.md	775
866	90-kronoloji/2026-05.md	776
867	90-kronoloji/2026-05.md	777
868	90-kronoloji/2026-05.md	778
869	90-kronoloji/2026-05.md	779
870	90-kronoloji/2026-05.md	780
871	90-kronoloji/2026-05.md	781
872	90-kronoloji/2026-05.md	782
873	90-kronoloji/2026-05.md	783
874	90-kronoloji/2026-05.md	784
875	90-kronoloji/2026-05.md	785
876	90-kronoloji/2026-05.md	786
877	90-kronoloji/2026-05.md	787
878	90-kronoloji/2026-05.md	788
879	90-kronoloji/2026-05.md	789
880	90-kronoloji/2026-05.md	790
881	90-kronoloji/2026-05.md	791
882	90-kronoloji/2026-05.md	792
883	90-kronoloji/2026-05.md	793
884	90-kronoloji/2026-05.md	794
885	90-kronoloji/2026-05.md	795
886	90-kronoloji/2026-05.md	796
887	90-kronoloji/2026-05.md	797
888	90-kronoloji/2026-05.md	798
889	90-kronoloji/2026-05.md	799
890	90-kronoloji/2026-05.md	800
891	90-kronoloji/2026-05.md	801
892	90-kronoloji/2026-05.md	802
893	90-kronoloji/2026-05.md	803
894	90-kronoloji/2026-05.md	804
895	90-kronoloji/2026-05.md	805
896	90-kronoloji/2026-05.md	806
897	90-kronoloji/2026-05.md	807
898	90-kronoloji/2026-05.md	808
899	90-kronoloji/2026-05.md	809
900	90-kronoloji/2026-05.md	810
901	90-kronoloji/2026-05.md	811
902	90-kronoloji/2026-05.md	812
903	90-kronoloji/2026-05.md	813
904	90-kronoloji/2026-05.md	814
905	90-kronoloji/2026-05.md	815
906	90-kronoloji/2026-05.md	816
907	90-kronoloji/2026-05.md	817
908	90-kronoloji/2026-05.md	818
909	90-kronoloji/2026-05.md	819
910	90-kronoloji/2026-05.md	820
911	90-kronoloji/2026-05.md	821
912	90-kronoloji/2026-05.md	822
913	90-kronoloji/2026-05.md	823
914	90-kronoloji/2026-05.md	824
915	90-kronoloji/2026-05.md	825
916	90-kronoloji/2026-05.md	826
917	90-kronoloji/2026-05.md	827
918	90-kronoloji/2026-05.md	828
919	90-kronoloji/2026-05.md	829
920	90-kronoloji/2026-05.md	830
921	90-kronoloji/2026-05.md	831
922	90-kronoloji/2026-05.md	832
923	90-kronoloji/2026-05.md	833
924	90-kronoloji/2026-05.md	834
925	90-kronoloji/2026-05.md	835
926	90-kronoloji/2026-05.md	836
927	90-kronoloji/2026-05.md	837
928	90-kronoloji/2026-05.md	838
929	90-kronoloji/2026-05.md	839
930	90-kronoloji/2026-05.md	840
931	90-kronoloji/2026-05.md	841
932	90-kronoloji/2026-05.md	842
933	90-kronoloji/2026-05.md	843
934	90-kronoloji/2026-05.md	844
935	90-kronoloji/2026-05.md	845
936	90-kronoloji/2026-05.md	846
937	90-kronoloji/2026-05.md	847
938	90-kronoloji/2026-05.md	848
939	90-kronoloji/2026-05.md	849
940	90-kronoloji/2026-05.md	850
941	90-kronoloji/2026-05.md	851
942	90-kronoloji/2026-05.md	852
943	90-kronoloji/2026-05.md	853
944	90-kronoloji/2026-05.md	854
945	90-kronoloji/2026-05.md	855
946	90-kronoloji/2026-05.md	856
947	90-kronoloji/2026-05.md	857
948	90-kronoloji/2026-05.md	858
949	90-kronoloji/2026-05.md	859
950	90-kronoloji/2026-05.md	860
951	90-kronoloji/2026-05.md	861
952	90-kronoloji/2026-05.md	862
953	90-kronoloji/2026-05.md	863
954	90-kronoloji/2026-05.md	864
955	90-kronoloji/2026-05.md	865
956	90-kronoloji/2026-05.md	866
957	90-kronoloji/2026-05.md	867
958	90-kronoloji/2026-05.md	868
959	90-kronoloji/2026-05.md	869
960	90-kronoloji/2026-05.md	870
961	90-kronoloji/2026-05.md	871
962	90-kronoloji/2026-05.md	872
963	90-kronoloji/2026-05.md	873
964	90-kronoloji/2026-05.md	874
965	90-kronoloji/2026-05.md	875
966	90-kronoloji/2026-05.md	876
967	90-kronoloji/2026-05.md	877
968	90-kronoloji/2026-05.md	878
969	90-kronoloji/2026-05.md	879
970	90-kronoloji/2026-05.md	880
971	90-kronoloji/2026-05.md	881
972	90-kronoloji/2026-05.md	882
973	90-kronoloji/2026-05.md	883
974	90-kronoloji/2026-05.md	884
975	90-kronoloji/2026-05.md	885
976	90-kronoloji/2026-05.md	886
977	90-kronoloji/2026-05.md	887
978	90-kronoloji/2026-05.md	888
979	90-kronoloji/2026-05.md	889
980	90-kronoloji/2026-05.md	890
981	90-kronoloji/2026-05.md	891
982	90-kronoloji/2026-05.md	892
983	90-kronoloji/2026-05.md	893
984	90-kronoloji/2026-05.md	894
985	90-kronoloji/2026-05.md	895
986	90-kronoloji/2026-05.md	896
987	90-kronoloji/2026-05.md	897
988	90-kronoloji/2026-05.md	898
989	90-kronoloji/2026-05.md	899
990	90-kronoloji/2026-05.md	900
991	90-kronoloji/2026-05.md	901
992	90-kronoloji/2026-05.md	902
993	90-kronoloji/2026-05.md	903
994	90-kronoloji/2026-05.md	904
995	90-kronoloji/2026-05.md	905
996	90-kronoloji/2026-05.md	906
997	90-kronoloji/2026-05.md	907
998	90-kronoloji/2026-05.md	908
999	90-kronoloji/2026-05.md	909
1000	90-kronoloji/2026-05.md	910
1001	90-kronoloji/2026-05.md	911
1002	90-kronoloji/2026-05.md	912
1003	90-kronoloji/2026-05.md	913
1004	90-kronoloji/2026-05.md	914
1005	90-kronoloji/2026-05.md	915
1006	90-kronoloji/2026-05.md	916
1007	90-kronoloji/2026-05.md	917
1008	90-kronoloji/2026-05.md	918
1009	90-kronoloji/2026-05.md	919
1010	90-kronoloji/2026-05.md	920
1011	90-kronoloji/2026-05.md	921
1012	90-kronoloji/2026-05.md	922
1013	90-kronoloji/2026-05.md	923
1014	90-kronoloji/2026-05.md	924
1015	90-kronoloji/2026-05.md	925
1016	90-kronoloji/2026-05.md	926
1017	90-kronoloji/2026-05.md	927
1018	90-kronoloji/2026-05.md	928
1019	90-kronoloji/2026-05.md	929
1020	90-kronoloji/2026-05.md	930
1021	90-kronoloji/2026-05.md	931
1022	90-kronoloji/2026-05.md	932
1023	90-kronoloji/2026-05.md	933
1024	90-kronoloji/2026-05.md	934
1025	90-kronoloji/2026-05.md	935
1026	90-kronoloji/2026-05.md	936
1027	90-kronoloji/2026-05.md	937
1028	90-kronoloji/2026-05.md	938
1029	90-kronoloji/2026-05.md	939
1030	90-kronoloji/2026-05.md	940
1031	90-kronoloji/2026-05.md	941
1032	90-kronoloji/2026-05.md	942
1033	90-kronoloji/2026-05.md	943
1034	90-kronoloji/2026-05.md	944
1035	90-kronoloji/2026-05.md	945
1036	90-kronoloji/2026-05.md	946
1037	90-kronoloji/2026-05.md	947
1038	90-kronoloji/2026-05.md	948
1039	90-kronoloji/2026-05.md	949
1040	90-kronoloji/2026-05.md	950
1041	90-kronoloji/2026-05.md	951
1042	90-kronoloji/2026-05.md	952
1043	90-kronoloji/2026-05.md	953
1044	90-kronoloji/2026-05.md	954
1045	90-kronoloji/2026-05.md	955
1046	90-kronoloji/2026-05.md	956
1047	90-kronoloji/2026-05.md	957
1048	90-kronoloji/2026-05.md	958
1049	90-kronoloji/2026-05.md	959
1050	90-kronoloji/2026-05.md	960
1051	90-kronoloji/2026-05.md	961
1052	90-kronoloji/2026-05.md	962
1053	90-kronoloji/2026-05.md	963
1054	90-kronoloji/2026-05.md	964
1055	90-kronoloji/2026-05.md	965
1056	90-kronoloji/2026-05.md	966
1057	90-kronoloji/2026-05.md	967
1058	90-kronoloji/2026-05.md	968
1059	90-kronoloji/2026-05.md	969
1060	90-kronoloji/2026-05.md	970
1061	90-kronoloji/2026-05.md	971
1062	90-kronoloji/2026-05.md	972
1063	90-kronoloji/2026-05.md	973
1064	90-kronoloji/2026-05.md	974
1065	90-kronoloji/2026-05.md	975
1066	90-kronoloji/2026-05.md	976
1067	90-kronoloji/2026-05.md	977
1068	90-kronoloji/2026-05.md	978
1069	90-kronoloji/2026-05.md	979
1070	90-kronoloji/2026-05.md	980
1071	90-kronoloji/2026-05.md	981
1072	90-kronoloji/2026-05.md	982
1073	90-kronoloji/2026-05.md	983
1074	90-kronoloji/2026-05.md	984
1075	90-kronoloji/2026-05.md	985
1076	90-kronoloji/2026-05.md	986
1077	90-kronoloji/2026-05.md	987
1078	90-kronoloji/2026-05.md	988
1079	90-kronoloji/2026-05.md	989
1080	90-kronoloji/2026-05.md	990
1081	90-kronoloji/2026-05.md	991
1082	90-kronoloji/2026-05.md	992
1083	90-kronoloji/2026-05.md	993
1084	90-kronoloji/2026-05.md	994
1085	90-kronoloji/2026-05.md	995
1086	90-kronoloji/2026-05.md	996
1087	90-kronoloji/2026-05.md	997
1088	90-kronoloji/2026-05.md	998
1089	90-kronoloji/2026-05.md	999
1090	90-kronoloji/2026-05.md	1000
1091	90-kronoloji/2026-05.md	1001
1092	90-kronoloji/2026-05.md	1002
1093	90-kronoloji/2026-05.md	1003
1094	90-kronoloji/2026-05.md	1004
1095	90-kronoloji/2026-05.md	1005
1096	90-kronoloji/2026-05.md	1006
1097	90-kronoloji/2026-05.md	1007
1098	90-kronoloji/2026-05.md	1008
1099	90-kronoloji/2026-05.md	1009
1100	90-kronoloji/2026-05.md	1010
1101	90-kronoloji/2026-05.md	1011
1102	90-kronoloji/2026-05.md	1012
1103	90-kronoloji/2026-05.md	1013
1104	90-kronoloji/2026-05.md	1014
1105	90-kronoloji/2026-05.md	1015
1106	90-kronoloji/2026-05.md	1016
1107	90-kronoloji/2026-05.md	1017
1108	90-kronoloji/2026-05.md	1018
1109	90-kronoloji/2026-05.md	1019
1110	90-kronoloji/2026-05.md	1020
1111	90-kronoloji/2026-05.md	1021
1112	90-kronoloji/2026-05.md	1022
1113	90-kronoloji/2026-05.md	1023
1114	90-kronoloji/2026-05.md	1024
1115	90-kronoloji/2026-05.md	1025
1116	90-kronoloji/2026-05.md	1026
1117	90-kronoloji/2026-05.md	1027
1118	90-kronoloji/2026-05.md	1028
1119	90-kronoloji/2026-05.md	1029
1120	90-kronoloji/2026-05.md	1030
1121	90-kronoloji/2026-05.md	1031
1122	90-kronoloji/2026-05.md	1032
1123	90-kronoloji/2026-05.md	1033
1124	90-kronoloji/2026-05.md	1034
1125	90-kronoloji/2026-05.md	1035
1126	90-kronoloji/2026-05.md	1036
1127	90-kronoloji/2026-05.md	1037
1128	90-kronoloji/2026-05.md	1038
1129	90-kronoloji/2026-05.md	1039
1130	90-kronoloji/2026-05.md	1040
1131	90-kronoloji/2026-05.md	1041
1132	90-kronoloji/2026-05.md	1042
1133	90-kronoloji/2026-05.md	1043
1134	90-kronoloji/2026-05.md	1044
1135	90-kronoloji/2026-05.md	1045
1136	90-kronoloji/2026-05.md	1046
1137	90-kronoloji/2026-05.md	1047
1138	90-kronoloji/2026-05.md	1048
1139	90-kronoloji/2026-05.md	1049
1140	90-kronoloji/2026-05.md	1050
1141	90-kronoloji/2026-05.md	1051
1142	90-kronoloji/2026-05.md	1052
1143	90-kronoloji/2026-05.md	1053
1144	90-kronoloji/2026-05.md	1054
1145	90-kronoloji/2026-05.md	1055
1146	90-kronoloji/2026-05.md	1056
1147	90-kronoloji/2026-05.md	1057
1148	90-kronoloji/2026-05.md	1058
1149	90-kronoloji/2026-05.md	1059
1150	90-kronoloji/2026-05.md	1060
1151	90-kronoloji/2026-05.md	1061
1152	90-kronoloji/2026-05.md	1062
1153	90-kronoloji/2026-05.md	1063
1154	90-kronoloji/2026-05.md	1064
1155	90-kronoloji/2026-05.md	1065
1156	90-kronoloji/2026-05.md	1066
1157	90-kronoloji/2026-05.md	1067
1158	90-kronoloji/2026-05.md	1068
1159	90-kronoloji/2026-05.md	1069
1160	90-kronoloji/2026-05.md	1070
1161	90-kronoloji/2026-05.md	1071
1162	90-kronoloji/2026-05.md	1072
1163	90-kronoloji/2026-05.md	1073
1164	90-kronoloji/2026-05.md	1074
1165	90-kronoloji/2026-05.md	1075
1166	90-kronoloji/2026-05.md	1076
1167	90-kronoloji/2026-05.md	1077
1168	90-kronoloji/2026-05.md	1078
1169	90-kronoloji/2026-05.md	1079
1170	90-kronoloji/2026-05.md	1080
1171	90-kronoloji/2026-05.md	1081
1172	90-kronoloji/2026-05.md	1082
1173	90-kronoloji/2026-05.md	1083
1174	90-kronoloji/2026-05.md	1084
1175	90-kronoloji/2026-05.md	1085
1176	90-kronoloji/2026-05.md	1086
1177	90-kronoloji/2026-05.md	1087
1178	90-kronoloji/2026-05.md	1088
1179	90-kronoloji/2026-05.md	1089
1180	90-kronoloji/2026-05.md	1090
1181	90-kronoloji/2026-05.md	1091
1182	90-kronoloji/2026-05.md	1092
1183	90-kronoloji/2026-05.md	1093
1184	90-kronoloji/2026-05.md	1094
1185	90-kronoloji/2026-05.md	1095
1186	90-kronoloji/2026-05.md	1096
1187	90-kronoloji/2026-05.md	1097
1188	90-kronoloji/2026-05.md	1098
1189	90-kronoloji/2026-05.md	1099
1190	90-kronoloji/2026-05.md	1100
1191	90-kronoloji/2026-05.md	1101
1192	90-kronoloji/2026-05.md	1102
1193	90-kronoloji/2026-05.md	1103
1194	90-kronoloji/2026-05.md	1104
1195	90-kronoloji/2026-05.md	1105
1196	90-kronoloji/2026-05.md	1106
1197	90-kronoloji/2026-05.md	1107
1198	90-kronoloji/2026-05.md	1108
1199	90-kronoloji/2026-05.md	1109
1200	90-kronoloji/2026-05.md	1110
1201	90-kronoloji/2026-05.md	1111
1202	90-kronoloji/2026-05.md	1112
1203	90-kronoloji/2026-05.md	1113
1204	90-kronoloji/2026-05.md	1114
1205	90-kronoloji/2026-05.md	1115
1206	90-kronoloji/2026-05.md	1116
1207	90-kronoloji/2026-05.md	1117
1208	90-kronoloji/2026-05.md	1118
1209	90-kronoloji/2026-05.md	1119
1210	90-kronoloji/2026-05.md	1120
1211	90-kronoloji/2026-05.md	1121
1212	90-kronoloji/2026-05.md	1122
1213	90-kronoloji/2026-05.md	1123
1214	90-kronoloji/2026-05.md	1124
1215	90-kronoloji/2026-05.md	1125
1216	90-kronoloji/2026-05.md	1126
1217	90-kronoloji/2026-05.md	1127
1218	90-kronoloji/2026-05.md	1128
1219	90-kronoloji/2026-05.md	1129
1220	90-kronoloji/2026-05.md	1130
1221	90-kronoloji/2026-05.md	1131
1222	90-kronoloji/2026-05.md	1132
1223	90-kronoloji/2026-05.md	1133
1224	90-kronoloji/2026-05.md	1134
1225	90-kronoloji/2026-05.md	1135
1226	90-kronoloji/2026-05.md	1136
1227	90-kronoloji/2026-05.md	1137
1228	90-kronoloji/2026-05.md	1138
1229	90-kronoloji/2026-05.md	1139
1230	90-kronoloji/2026-05.md	1140
1231	90-kronoloji/2026-05.md	1141
1232	90-kronoloji/2026-05.md	1142
1233	90-kronoloji/2026-05.md	1143
1234	90-kronoloji/2026-05.md	1144
1235	90-kronoloji/2026-05.md	1145
1236	90-kronoloji/2026-05.md	1146
1237	90-kronoloji/2026-05.md	1147
1238	90-kronoloji/2026-05.md	1148
1239	90-kronoloji/2026-05.md	1149
1240	90-kronoloji/2026-05.md	1150
1241	90-kronoloji/2026-05.md	1151
1242	90-kronoloji/2026-05.md	1152
1243	90-kronoloji/2026-05.md	1153
1244	90-kronoloji/2026-05.md	1154
1245	90-kronoloji/2026-05.md	1155
1246	90-kronoloji/2026-05.md	1156
1247	90-kronoloji/2026-05.md	1157
1248	90-kronoloji/2026-05.md	1158
1249	90-kronoloji/2026-05.md	1159
1250	90-kronoloji/2026-05.md	1160
1251	90-kronoloji/2026-05.md	1161
1252	90-kronoloji/2026-05.md	1162
1253	90-kronoloji/2026-05.md	1163
1254	90-kronoloji/2026-05.md	1164
1255	90-kronoloji/2026-05.md	1165
1256	90-kronoloji/2026-05.md	1166
1257	90-kronoloji/2026-05.md	1167
1258	90-kronoloji/2026-05.md	1168
1259	90-kronoloji/2026-05.md	1169
1260	90-kronoloji/2026-05.md	1170
1261	90-kronoloji/2026-05.md	1171
1262	90-kronoloji/2026-05.md	1172
1263	90-kronoloji/2026-05.md	1173
1264	90-kronoloji/2026-05.md	1174
1265	90-kronoloji/2026-05.md	1175
1266	90-kronoloji/2026-05.md	1176
1267	90-kronoloji/2026-05.md	1177
1268	90-kronoloji/2026-05.md	1178
1269	90-kronoloji/2026-05.md	1179
1270	90-kronoloji/2026-05.md	1180
1271	90-kronoloji/2026-05.md	1181
1272	90-kronoloji/2026-05.md	1182
1273	90-kronoloji/2026-05.md	1183
1274	90-kronoloji/2026-05.md	1184
1275	90-kronoloji/2026-05.md	1185
1276	90-kronoloji/2026-05.md	1186
1277	90-kronoloji/2026-05.md	1187
1278	90-kronoloji/2026-05.md	1188
1279	90-kronoloji/2026-05.md	1189
1280	90-kronoloji/2026-05.md	1190
1281	90-kronoloji/2026-05.md	1191
1282	90-kronoloji/2026-05.md	1192
1283	90-kronoloji/2026-05.md	1193
1284	90-kronoloji/2026-05.md	1194
1285	90-kronoloji/2026-05.md	1195
1286	90-kronoloji/2026-05.md	1196
1287	90-kronoloji/2026-05.md	1197
1288	90-kronoloji/2026-05.md	1198
1289	90-kronoloji/2026-05.md	1199
1290	90-kronoloji/2026-05.md	1200
1291	90-kronoloji/2026-05.md	1201
1292	90-kronoloji/2026-05.md	1202
1293	90-kronoloji/2026-05.md	1203
1294	90-kronoloji/2026-05.md	1204
1295	90-kronoloji/2026-05.md	1205
1296	90-kronoloji/2026-05.md	1206
1297	90-kronoloji/2026-05.md	1207
1298	90-kronoloji/2026-05.md	1208
1299	90-kronoloji/2026-05.md	1209
1300	90-kronoloji/2026-05.md	1210
1301	90-kronoloji/2026-05.md	1211
1302	90-kronoloji/2026-05.md	1212
1303	90-kronoloji/2026-05.md	1213
1304	90-kronoloji/2026-05.md	1214
1305	90-kronoloji/2026-05.md	1215
1306	90-kronoloji/2026-05.md	1216
1307	90-kronoloji/2026-05.md	1217
1308	90-kronoloji/2026-05.md	1218
1309	90-kronoloji/2026-05.md	1219
1310	90-kronoloji/2026-05.md	1220
1311	90-kronoloji/2026-05.md	1221
1312	90-kronoloji/2026-05.md	1222
1313	90-kronoloji/2026-05.md	1223
1314	90-kronoloji/2026-05.md	1224
1315	90-kronoloji/2026-05.md	1225
1316	90-kronoloji/2026-05.md	1226
1317	90-kronoloji/2026-05.md	1227
1318	90-kronoloji/2026-05.md	1228
1319	90-kronoloji/2026-05.md	1229
1320	90-kronoloji/2026-05.md	1230
1321	90-kronoloji/2026-05.md	1231
1322	90-kronoloji/2026-05.md	1232
1323	90-kronoloji/2026-05.md	1233
1324	90-kronoloji/2026-05.md	1234
1325	90-kronoloji/2026-05.md	1235
1326	90-kronoloji/2026-05.md	1236
1327	90-kronoloji/2026-05.md	1237
1328	90-kronoloji/2026-05.md	1238
1329	90-kronoloji/2026-05.md	1239
1330	90-kronoloji/2026-05.md	1240
1331	90-kronoloji/2026-05.md	1241
1332	90-kronoloji/2026-05.md	1242
1333	90-kronoloji/2026-05.md	1243
1334	90-kronoloji/2026-05.md	1244
1335	90-kronoloji/2026-05.md	1245
1336	90-kronoloji/2026-05.md	1246
1337	90-kronoloji/2026-05.md	1247
1338	90-kronoloji/2026-05.md	1248
1339	90-kronoloji/2026-05.md	1249
1340	90-kronoloji/2026-05.md	1250
1341	90-kronoloji/2026-05.md	1251
1342	90-kronoloji/2026-05.md	1252
1343	90-kronoloji/2026-05.md	1253
1344	90-kronoloji/2026-05.md	1254
1345	90-kronoloji/2026-05.md	1255
1346	90-kronoloji/2026-05.md	1256
1347	90-kronoloji/2026-05.md	1257
1348	90-kronoloji/2026-05.md	1258
1349	90-kronoloji/2026-05.md	1259
1350	90-kronoloji/2026-05.md	1260
1351	90-kronoloji/2026-05.md	1261
1352	90-kronoloji/2026-05.md	1262
1353	90-kronoloji/2026-05.md	1263
1354	90-kronoloji/2026-05.md	1264
1355	90-kronoloji/2026-05.md	1265
1356	90-kronoloji/2026-05.md	1266
1357	90-kronoloji/2026-05.md	1267
1358	90-kronoloji/2026-05.md	1268
1359	90-kronoloji/2026-05.md	1269
1360	90-kronoloji/2026-05.md	1270
1361	90-kronoloji/2026-05.md	1271
1362	90-kronoloji/2026-05.md	1272
1363	90-kronoloji/2026-05.md	1273
1364	90-kronoloji/2026-05.md	1274
1365	90-kronoloji/2026-05.md	1275
1366	90-kronoloji/2026-05.md	1276
1367	90-kronoloji/2026-05.md	1277
1368	90-kronoloji/2026-05.md	1278
1369	90-kronoloji/2026-05.md	1279
1370	90-kronoloji/2026-05.md	1280
1371	90-kronoloji/2026-05.md	1281
1372	90-kronoloji/2026-05.md	1282
1373	90-kronoloji/2026-05.md	1283
1374	90-kronoloji/2026-05.md	1284
1375	90-kronoloji/2026-05.md	1285
1376	90-kronoloji/2026-05.md	1286
1377	90-kronoloji/2026-05.md	1287
1378	90-kronoloji/2026-05.md	1288
1379	90-kronoloji/2026-05.md	1289
1380	90-kronoloji/2026-05.md	1290
1381	90-kronoloji/2026-05.md	1291
1382	90-kronoloji/2026-05.md	1292
1383	90-kronoloji/2026-05.md	1293
1384	90-kronoloji/2026-05.md	1294
1385	90-kronoloji/2026-05.md	1295
1386	90-kronoloji/2026-05.md	1296
1387	90-kronoloji/2026-05.md	1297
1388	90-kronoloji/2026-05.md	1298
1389	90-kronoloji/2026-05.md	1299
1390	90-kronoloji/2026-05.md	1300
1391	90-kronoloji/2026-05.md	1301
1392	90-kronoloji/2026-05.md	1302
1393	90-kronoloji/2026-05.md	1303
1394	90-kronoloji/2026-05.md	1304
1395	90-kronoloji/2026-05.md	1305
1396	90-kronoloji/2026-05.md	1306
1397	90-kronoloji/2026-05.md	1307
1398	90-kronoloji/2026-05.md	1308
1399	90-kronoloji/2026-05.md	1309
1400	90-kronoloji/2026-05.md	1310
1401	90-kronoloji/2026-05.md	1311
1402	90-kronoloji/2026-05.md	1312
1403	90-kronoloji/2026-05.md	1313
1404	90-kronoloji/2026-05.md	1314
1405	90-kronoloji/2026-05.md	1315
1406	90-kronoloji/2026-05.md	1316
1407	90-kronoloji/2026-05.md	1317
1408	90-kronoloji/2026-05.md	1318
1409	90-kronoloji/2026-05.md	1319
1410	90-kronoloji/2026-05.md	1320
1411	90-kronoloji/2026-05.md	1321
1412	90-kronoloji/2026-05.md	1322
1413	90-kronoloji/2026-05.md	1323
1414	90-kronoloji/2026-05.md	1324
1415	90-kronoloji/2026-05.md	1325
1416	90-kronoloji/2026-05.md	1326
1417	90-kronoloji/2026-05.md	1327
1418	90-kronoloji/2026-05.md	1328
1419	90-kronoloji/2026-05.md	1329
1420	90-kronoloji/2026-05.md	1330
1421	90-kronoloji/2026-05.md	1331
1422	90-kronoloji/2026-05.md	1332
1423	90-kronoloji/2026-05.md	1333
1424	90-kronoloji/2026-05.md	1334
1425	90-kronoloji/2026-05.md	1335
1426	90-kronoloji/2026-05.md	1336
1427	90-kronoloji/2026-05.md	1337
1428	90-kronoloji/2026-05.md	1338
1429	90-kronoloji/2026-05.md	1339
1430	90-kronoloji/2026-05.md	1340
1431	90-kronoloji/2026-05.md	1341
1432	90-kronoloji/2026-05.md	1342
1433	90-kronoloji/2026-05.md	1343
1434	90-kronoloji/2026-05.md	1344
1435	90-kronoloji/2026-05.md	1345
1436	90-kronoloji/2026-05.md	1346
1437	90-kronoloji/2026-05.md	1347
1438	90-kronoloji/2026-05.md	1348
1439	90-kronoloji/2026-05.md	1349
1440	90-kronoloji/2026-05.md	1350
1441	90-kronoloji/2026-05.md	1351
1442	90-kronoloji/2026-05.md	1352
1443	90-kronoloji/2026-05.md	1353
1444	90-kronoloji/2026-05.md	1354
1445	90-kronoloji/2026-05.md	1355
1446	90-kronoloji/2026-05.md	1356
1447	90-kronoloji/2026-05.md	1357
1448	90-kronoloji/2026-05.md	1358
1449	90-kronoloji/2026-05.md	1359
1450	90-kronoloji/2026-05.md	1360
1451	90-kronoloji/2026-05.md	1361
1452	90-kronoloji/2026-05.md	1362
1453	90-kronoloji/2026-05.md	1363
1454	90-kronoloji/2026-05.md	1364
1455	90-kronoloji/2026-05.md	1365
1456	90-kronoloji/2026-05.md	1366
1457	90-kronoloji/2026-05.md	1367
1458	90-kronoloji/2026-05.md	1368
1459	90-kronoloji/2026-05.md	1369
1460	90-kronoloji/2026-05.md	1370
1461	90-kronoloji/2026-05.md	1371
1462	90-kronoloji/2026-05.md	1372
1463	90-kronoloji/2026-05.md	1373
1464	90-kronoloji/2026-05.md	1374
1465	90-kronoloji/2026-05.md	1375
1466	90-kronoloji/2026-05.md	1376
1467	90-kronoloji/2026-05.md	1377
1468	90-kronoloji/2026-05.md	1378
1469	90-kronoloji/2026-05.md	1379
1470	90-kronoloji/2026-05.md	1380
1471	90-kronoloji/2026-05.md	1381
1472	90-kronoloji/2026-05.md	1382
1473	90-kronoloji/2026-05.md	1383
1474	90-kronoloji/2026-05.md	1384
1475	90-kronoloji/2026-05.md	1385
1476	90-kronoloji/2026-05.md	1386
1477	90-kronoloji/2026-05.md	1387
1478	90-kronoloji/2026-05.md	1388
1479	90-kronoloji/2026-05.md	1389
1480	90-kronoloji/2026-05.md	1390
1481	90-kronoloji/2026-05.md	1391
1482	90-kronoloji/2026-05.md	1392
1483	90-kronoloji/2026-05.md	1393
1484	90-kronoloji/2026-05.md	1394
1485	90-kronoloji/2026-05.md	1395
1486	90-kronoloji/2026-05.md	1396
1487	90-kronoloji/2026-05.md	1397
1488	90-kronoloji/2026-05.md	1398
1489	90-kronoloji/2026-05.md	1399
1490	90-kronoloji/2026-05.md	1400
1491	90-kronoloji/2026-05.md	1401
1492	90-kronoloji/2026-05.md	1402
1493	90-kronoloji/2026-05.md	1403
1494	90-kronoloji/2026-05.md	1404
1495	90-kronoloji/2026-05.md	1405
1496	90-kronoloji/2026-05.md	1406
1497	90-kronoloji/2026-05.md	1407
1498	90-kronoloji/2026-05.md	1408
1499	90-kronoloji/2026-05.md	1409
1500	90-kronoloji/2026-05.md	1410
1501	90-kronoloji/2026-05.md	1411
1502	90-kronoloji/2026-05.md	1412
1503	90-kronoloji/2026-05.md	1413
1504	90-kronoloji/2026-05.md	1414
1505	90-kronoloji/2026-05.md	1415
1506	90-kronoloji/2026-05.md	1416
1507	90-kronoloji/2026-05.md	1417
1508	90-kronoloji/2026-05.md	1418
1509	90-kronoloji/2026-05.md	1419
1510	90-kronoloji/2026-05.md	1420
1511	90-kronoloji/2026-05.md	1421
1512	90-kronoloji/2026-05.md	1422
1513	90-kronoloji/2026-05.md	1423
1514	90-kronoloji/2026-05.md	1424
1515	90-kronoloji/2026-05.md	1425
1516	90-kronoloji/2026-05.md	1426
1517	90-kronoloji/2026-05.md	1427
1518	90-kronoloji/2026-05.md	1428
1519	90-kronoloji/2026-05.md	1429
1520	90-kronoloji/2026-05.md	1430
1521	90-kronoloji/2026-05.md	1431
1522	90-kronoloji/2026-05.md	1432
1523	90-kronoloji/2026-05.md	1433
1524	90-kronoloji/2026-05.md	1434
1525	90-kronoloji/2026-05.md	1435
1526	90-kronoloji/2026-05.md	1436
1527	90-kronoloji/2026-05.md	1437
1528	90-kronoloji/2026-05.md	1438
1529	90-kronoloji/2026-05.md	1439
1530	90-kronoloji/2026-05.md	1440
1531	90-kronoloji/2026-05.md	1441
1532	90-kronoloji/2026-05.md	1442
1533	90-kronoloji/2026-05.md	1443
1534	90-kronoloji/2026-05.md	1444
1535	90-kronoloji/2026-05.md	1445
1536	90-kronoloji/2026-05.md	1446
1537	90-kronoloji/2026-05.md	1447
1538	90-kronoloji/2026-05.md	1448
1539	90-kronoloji/2026-05.md	1449
1540	90-kronoloji/2026-05.md	1450
1541	90-kronoloji/2026-05.md	1451
1542	90-kronoloji/2026-05.md	1452
1543	90-kronoloji/2026-05.md	1453
1544	90-kronoloji/2026-05.md	1454
1545	90-kronoloji/2026-05.md	1455
1546	90-kronoloji/2026-05.md	1456
1547	90-kronoloji/2026-05.md	1457
1548	90-kronoloji/2026-05.md	1458
1549	90-kronoloji/2026-05.md	1459
1550	90-kronoloji/2026-05.md	1460
1551	90-kronoloji/2026-05.md	1461
1552	90-kronoloji/2026-05.md	1462
1553	90-kronoloji/2026-05.md	1463
1554	90-kronoloji/2026-05.md	1464
1555	90-kronoloji/2026-05.md	1465
1556	90-kronoloji/2026-05.md	1466
1557	90-kronoloji/2026-05.md	1467
1558	90-kronoloji/2026-05.md	1468
1559	90-kronoloji/2026-05.md	1469
1560	90-kronoloji/2026-05.md	1470
1561	90-kronoloji/2026-05.md	1471
1562	90-kronoloji/2026-05.md	1472
1563	90-kronoloji/2026-05.md	1473
1564	90-kronoloji/2026-05.md	1474
1565	90-kronoloji/2026-05.md	1475
1566	90-kronoloji/2026-05.md	1476
1567	90-kronoloji/2026-05.md	1477
1568	90-kronoloji/2026-05.md	1478
1569	90-kronoloji/2026-05.md	1479
1570	90-kronoloji/2026-05.md	1480
1571	90-kronoloji/2026-05.md	1481
1572	90-kronoloji/2026-05.md	1482
1573	90-kronoloji/2026-05.md	1483
1574	90-kronoloji/2026-05.md	1484
1575	90-kronoloji/2026-05.md	1485
1576	90-kronoloji/2026-05.md	1486
1577	90-kronoloji/2026-05.md	1487
1578	90-kronoloji/2026-05.md	1488
1579	90-kronoloji/2026-05.md	1489
1580	90-kronoloji/2026-05.md	1490
1581	90-kronoloji/2026-05.md	1491
1582	90-kronoloji/2026-05.md	1492
1583	90-kronoloji/2026-05.md	1493
1584	90-kronoloji/2026-05.md	1494
1585	90-kronoloji/2026-05.md	1495
1586	90-kronoloji/2026-05.md	1496
1587	90-kronoloji/2026-05.md	1497
1588	90-kronoloji/2026-05.md	1498
1589	90-kronoloji/2026-05.md	1499
1590	90-kronoloji/2026-05.md	1500
1591	90-kronoloji/2026-05.md	1501
1592	90-kronoloji/2026-05.md	1502
1593	90-kronoloji/2026-05.md	1503
1594	90-kronoloji/2026-05.md	1504
1595	90-kronoloji/2026-05.md	1505
1596	90-kronoloji/2026-05.md	1506
1597	90-kronoloji/2026-05.md	1507
1598	90-kronoloji/2026-05.md	1508
1599	90-kronoloji/2026-05.md	1509
1600	90-kronoloji/2026-05.md	1510
1601	90-kronoloji/2026-05.md	1511
1602	90-kronoloji/2026-05.md	1512
1603	90-kronoloji/2026-05.md	1513
1604	90-kronoloji/2026-05.md	1514
1605	90-kronoloji/2026-05.md	1515
1606	90-kronoloji/2026-05.md	1516
1607	90-kronoloji/2026-05.md	1517
1608	90-kronoloji/2026-05.md	1518
1609	90-kronoloji/2026-05.md	1519
1610	90-kronoloji/2026-05.md	1520
1611	90-kronoloji/2026-05.md	1521
1612	90-kronoloji/2026-05.md	1522
1613	90-kronoloji/2026-05.md	1523
1614	90-kronoloji/2026-05.md	1524
1615	90-kronoloji/2026-05.md	1525
1616	90-kronoloji/2026-05.md	1526
1617	90-kronoloji/2026-05.md	1527
1618	90-kronoloji/2026-05.md	1528
1619	90-kronoloji/2026-05.md	1529
1620	90-kronoloji/2026-05.md	1530
1621	90-kronoloji/2026-05.md	1531
1622	90-kronoloji/2026-05.md	1532
1623	90-kronoloji/2026-05.md	1533
1624	90-kronoloji/2026-05.md	1534
1625	90-kronoloji/2026-05.md	1535
1626	90-kronoloji/2026-05.md	1536
1627	90-kronoloji/2026-05.md	1537
1628	90-kronoloji/2026-05.md	1538
1629	90-kronoloji/2026-05.md	1539
1630	90-kronoloji/2026-05.md	1540
1631	90-kronoloji/2026-05.md	1541
1632	90-kronoloji/2026-05.md	1542
1633	90-kronoloji/2026-05.md	1543
1634	90-kronoloji/2026-05.md	1544
1635	90-kronoloji/2026-05.md	1545
1636	90-kronoloji/2026-05.md	1546
1637	90-kronoloji/2026-05.md	1547
1638	90-kronoloji/2026-05.md	1548
1639	90-kronoloji/2026-05.md	1549
1640	90-kronoloji/2026-05.md	1550
1641	90-kronoloji/2026-05.md	1551
1642	90-kronoloji/2026-05.md	1552
1643	90-kronoloji/2026-05.md	1553
1644	90-kronoloji/2026-05.md	1554
1645	90-kronoloji/2026-05.md	1555
1646	90-kronoloji/2026-05.md	1556
1647	90-kronoloji/2026-05.md	1557
1648	90-kronoloji/2026-05.md	1558
1649	90-kronoloji/2026-05.md	1559
1650	90-kronoloji/2026-05.md	1560
1651	90-kronoloji/2026-05.md	1561
1652	90-kronoloji/2026-05.md	1562
1653	90-kronoloji/2026-05.md	1563
1654	90-kronoloji/2026-05.md	1564
1655	90-kronoloji/2026-05.md	1565
1656	90-kronoloji/2026-05.md	1566
1657	90-kronoloji/2026-05.md	1567
1658	90-kronoloji/2026-05.md	1568
1659	90-kronoloji/2026-05.md	1569
1660	90-kronoloji/2026-05.md	1570
1661	90-kronoloji/2026-05.md	1571
1662	90-kronoloji/2026-05.md	1572
1663	90-kronoloji/2026-05.md	1573
1664	90-kronoloji/2026-05.md	1574
1665	90-kronoloji/2026-05.md	1575
1666	90-kronoloji/2026-05.md	1576
1667	90-kronoloji/2026-05.md	1577
1668	90-kronoloji/2026-05.md	1578
1669	90-kronoloji/2026-05.md	1579
1670	90-kronoloji/2026-05.md	1580
1671	90-kronoloji/2026-05.md	1581
1672	90-kronoloji/2026-05.md	1582
1673	90-kronoloji/2026-05.md	1583
1674	90-kronoloji/2026-05.md	1584
1675	90-kronoloji/2026-05.md	1585
1676	90-kronoloji/2026-05.md	1586
1677	90-kronoloji/2026-05.md	1587
1678	90-kronoloji/2026-05.md	1588
1679	90-kronoloji/2026-05.md	1589
1680	90-kronoloji/2026-05.md	1590
1681	90-kronoloji/2026-05.md	1591
1682	90-kronoloji/2026-05.md	1592
1683	90-kronoloji/2026-05.md	1593
1684	90-kronoloji/2026-05.md	1594
1685	90-kronoloji/2026-05.md	1595
1686	90-kronoloji/2026-05.md	1596
1687	90-kronoloji/2026-05.md	1597
1688	90-kronoloji/2026-05.md	1598
1689	90-kronoloji/2026-05.md	1599
1690	90-kronoloji/2026-05.md	1600
1691	90-kronoloji/2026-05.md	1601
1692	90-kronoloji/2026-05.md	1602
1693	90-kronoloji/2026-05.md	1603
1694	90-kronoloji/2026-05.md	1604
1695	90-kronoloji/2026-05.md	1605
1696	90-kronoloji/2026-05.md	1606
1697	90-kronoloji/2026-05.md	1607
1698	90-kronoloji/2026-05.md	1608
1699	90-kronoloji/2026-05.md	1609
1700	90-kronoloji/2026-05.md	1610
1701	90-kronoloji/2026-05.md	1611
1702	90-kronoloji/2026-05.md	1612
1703	90-kronoloji/2026-05.md	1613
1704	90-kronoloji/2026-05.md	1614
1705	90-kronoloji/2026-05.md	1615
1706	90-kronoloji/2026-05.md	1616
1707	90-kronoloji/2026-05.md	1617
1708	90-kronoloji/2026-05.md	1618
1709	90-kronoloji/2026-05.md	1619
1710	90-kronoloji/2026-05.md	1620
1711	90-kronoloji/2026-05.md	1621
1712	90-kronoloji/2026-05.md	1622
1713	90-kronoloji/2026-05.md	1623
1714	90-kronoloji/2026-05.md	1624
1715	90-kronoloji/2026-05.md	1625
1716	90-kronoloji/2026-05.md	1626
1717	90-kronoloji/2026-05.md	1627
1718	90-kronoloji/2026-05.md	1628
1719	90-kronoloji/2026-05.md	1629
1720	90-kronoloji/2026-05.md	1630
1721	90-kronoloji/2026-05.md	1631
1722	90-kronoloji/2026-05.md	1632
1723	90-kronoloji/2026-05.md	1633
1724	90-kronoloji/2026-05.md	1634
1725	90-kronoloji/2026-05.md	1635
1726	90-kronoloji/2026-05.md	1636
1727	90-kronoloji/2026-05.md	1637
1728	90-kronoloji/2026-05.md	1638
1729	90-kronoloji/2026-05.md	1639
1730	90-kronoloji/2026-05.md	1640
1731	90-kronoloji/2026-05.md	1641
1732	90-kronoloji/2026-05.md	1642
1733	90-kronoloji/2026-05.md	1643
1734	90-kronoloji/2026-05.md	1644
1735	90-kronoloji/2026-05.md	1645
1736	90-kronoloji/2026-05.md	1646
1737	90-kronoloji/2026-05.md	1647
1738	90-kronoloji/2026-05.md	1648
1739	90-kronoloji/2026-05.md	1649
1740	90-kronoloji/2026-05.md	1650
1741	90-kronoloji/2026-05.md	1651
1742	90-kronoloji/2026-05.md	1652
1743	90-kronoloji/2026-05.md	1653
1744	90-kronoloji/2026-05.md	1654
1745	90-kronoloji/2026-05.md	1655
1746	90-kronoloji/2026-05.md	1656
1747	90-kronoloji/2026-05.md	1657
1748	90-kronoloji/2026-05.md	1658
1749	90-kronoloji/2026-05.md	1659
1750	90-kronoloji/2026-05.md	1660
1751	90-kronoloji/2026-05.md	1661
1752	90-kronoloji/2026-05.md	1662
1753	90-kronoloji/2026-05.md	1663
1754	90-kronoloji/2026-05.md	1664
1755	90-kronoloji/2026-05.md	1665
1756	90-kronoloji/2026-05.md	1666
1757	90-kronoloji/2026-05.md	1667
1758	90-kronoloji/2026-05.md	1668
1759	90-kronoloji/2026-05.md	1669
1760	90-kronoloji/2026-05.md	1670
1761	90-kronoloji/2026-05.md	1671
1762	90-kronoloji/2026-05.md	1672
1763	90-kronoloji/2026-05.md	1673
1764	90-kronoloji/2026-05.md	1674
1765	90-kronoloji/2026-05.md	1675
1766	90-kronoloji/2026-05.md	1676
1767	90-kronoloji/2026-05.md	1677
1768	90-kronoloji/2026-05.md	1678
1769	90-kronoloji/2026-05.md	1679
1770	90-kronoloji/2026-05.md	1680
1771	90-kronoloji/2026-05.md	1681
1772	90-kronoloji/2026-05.md	1682
1773	90-kronoloji/2026-05.md	1683
1774	90-kronoloji/2026-05.md	1684
1775	90-kronoloji/2026-05.md	1685
1776	90-kronoloji/2026-05.md	1686
1777	90-kronoloji/2026-05.md	1687
1778	90-kronoloji/2026-05.md	1688
1779	90-kronoloji/2026-05.md	1689
1780	90-kronoloji/2026-05.md	1690
1781	90-kronoloji/2026-05.md	1691
1782	90-kronoloji/2026-05.md	1692
1783	90-kronoloji/2026-05.md	1693
1784	90-kronoloji/2026-05.md	1694
1785	90-kronoloji/2026-05.md	1695
1786	90-kronoloji/2026-05.md	1696
1787	90-kronoloji/2026-05.md	1697
1788	90-kronoloji/2026-05.md	1698
1789	90-kronoloji/2026-05.md	1699
1790	90-kronoloji/2026-05.md	1700
1791	90-kronoloji/2026-05.md	1701
1792	90-kronoloji/2026-05.md	1702
1793	90-kronoloji/2026-05.md	1703
1794	90-kronoloji/2026-05.md	1704
1795	90-kronoloji/2026-05.md	1705
1796	90-kronoloji/2026-05.md	1706
1797	90-kronoloji/2026-05.md	1707
1798	90-kronoloji/2026-05.md	1708
1799	90-kronoloji/2026-05.md	1709
1800	90-kronoloji/2026-05.md	1710
1801	90-kronoloji/2026-05.md	1711
1802	90-kronoloji/2026-05.md	1712
1803	90-kronoloji/2026-05.md	1713
1804	90-kronoloji/2026-05.md	1714
1805	90-kronoloji/2026-05.md	1715
1806	90-kronoloji/2026-05.md	1716
1807	90-kronoloji/2026-05.md	1717
1808	90-kronoloji/2026-05.md	1718
1809	90-kronoloji/2026-05.md	1719
1810	90-kronoloji/2026-05.md	1720
1811	90-kronoloji/2026-05.md	1721
1812	90-kronoloji/2026-05.md	1722
1813	90-kronoloji/2026-05.md	1723
1814	90-kronoloji/2026-05.md	1724
1815	90-kronoloji/2026-05.md	1725
1816	90-kronoloji/2026-05.md	1726
1817	90-kronoloji/2026-05.md	1727
1818	90-kronoloji/2026-05.md	1728
1819	90-kronoloji/2026-05.md	1729
1820	90-kronoloji/2026-05.md	1730
1821	90-kronoloji/2026-05.md	1731
1822	90-kronoloji/2026-05.md	1732
1823	90-kronoloji/2026-05.md	1733
1824	90-kronoloji/2026-05.md	1734
1825	90-kronoloji/2026-05.md	1735
1826	90-kronoloji/2026-05.md	1736
1827	90-kronoloji/2026-05.md	1737
1828	90-kronoloji/2026-05.md	1738
1829	90-kronoloji/2026-05.md	1739
1830	90-kronoloji/2026-05.md	1740
1831	90-kronoloji/2026-05.md	1741
1832	90-kronoloji/2026-05.md	1742
1833	90-kronoloji/2026-05.md	1743
1834	90-kronoloji/2026-05.md	1744
1835	90-kronoloji/2026-05.md	1745
1836	90-kronoloji/2026-05.md	1746
1837	90-kronoloji/2026-05.md	1747
1838	90-kronoloji/2026-05.md	1748
1839	90-kronoloji/2026-05.md	1749
1840	90-kronoloji/2026-05.md	1750
1841	90-kronoloji/2026-05.md	1751
1842	90-kronoloji/2026-05.md	1752
1843	90-kronoloji/2026-05.md	1753
1844	90-kronoloji/2026-05.md	1754
1845	90-kronoloji/2026-05.md	1755
1846	90-kronoloji/2026-05.md	1756
1847	90-kronoloji/2026-05.md	1757
1848	90-kronoloji/2026-05.md	1758
1849	90-kronoloji/2026-05.md	1759
1850	90-kronoloji/2026-05.md	1760
1851	90-kronoloji/2026-05.md	1761
1852	90-kronoloji/2026-05.md	1762
1853	90-kronoloji/2026-05.md	1763
1854	90-kronoloji/2026-05.md	1764
1855	90-kronoloji/2026-05.md	1765
1856	90-kronoloji/2026-05.md	1766
1857	90-kronoloji/2026-05.md	1767
1858	90-kronoloji/2026-05.md	1768
1859	90-kronoloji/2026-05.md	1769
1860	90-kronoloji/2026-05.md	1770
1861	90-kronoloji/2026-05.md	1771
1862	90-kronoloji/2026-05.md	1772
1863	90-kronoloji/2026-05.md	1773
1864	90-kronoloji/2026-05.md	1774
1865	90-kronoloji/2026-05.md	1775
1866	90-kronoloji/2026-05.md	1776
1867	90-kronoloji/2026-05.md	1777
1868	90-kronoloji/2026-05.md	1778
1869	90-kronoloji/2026-05.md	1779
1870	90-kronoloji/2026-05.md	1780
1871	90-kronoloji/2026-05.md	1781
1872	90-kronoloji/2026-05.md	1782
1873	90-kronoloji/2026-05.md	1783
1874	90-kronoloji/2026-05.md	1784
1875	90-kronoloji/2026-05.md	1785
1876	90-kronoloji/2026-05.md	1786
1877	90-kronoloji/2026-05.md	1787
1878	90-kronoloji/2026-05.md	1788
1879	90-kronoloji/2026-05.md	1789
1880	90-kronoloji/2026-05.md	1790
1881	90-kronoloji/2026-05.md	1791
1882	90-kronoloji/2026-05.md	1792
1883	90-kronoloji/2026-05.md	1793
1884	90-kronoloji/2026-05.md	1794
1885	90-kronoloji/2026-05.md	1795
1886	90-kronoloji/2026-05.md	1796
1887	90-kronoloji/2026-05.md	1797
1888	90-kronoloji/2026-05.md	1798
1889	90-kronoloji/2026-05.md	1799
1890	90-kronoloji/2026-05.md	1800
1891	90-kronoloji/2026-05.md	1801
1892	90-kronoloji/2026-05.md	1802
1893	90-kronoloji/2026-05.md	1803
1894	90-kronoloji/2026-05.md	1804
1895	90-kronoloji/2026-05.md	1805
1896	90-kronoloji/2026-05.md	1806
1897	90-kronoloji/2026-05.md	1807
1898	90-kronoloji/2026-05.md	1808
1899	90-kronoloji/2026-05.md	1809
1900	90-kronoloji/2026-05.md	1810
1901	90-kronoloji/2026-05.md	1811
1902	90-kronoloji/2026-05.md	1812
1903	90-kronoloji/2026-05.md	1813
1904	90-kronoloji/2026-05.md	1814
1905	90-kronoloji/2026-05.md	1815
1906	90-kronoloji/2026-05.md	1816
1907	90-kronoloji/2026-05.md	1817
1908	90-kronoloji/2026-05.md	1818
1909	90-kronoloji/2026-05.md	1819
1910	90-kronoloji/2026-05.md	1820
1911	90-kronoloji/2026-05.md	1821
1912	90-kronoloji/2026-05.md	1822
1913	90-kronoloji/2026-05.md	1823
1914	90-kronoloji/2026-05.md	1824
1915	90-kronoloji/2026-05.md	1825
1916	90-kronoloji/2026-05.md	1826
1917	90-kronoloji/2026-05.md	1827
1918	90-kronoloji/2026-05.md	1828
1919	90-kronoloji/2026-05.md	1829
1920	90-kronoloji/2026-05.md	1830
1921	90-kronoloji/2026-05.md	1831
1922	90-kronoloji/2026-05.md	1832
1923	90-kronoloji/2026-05.md	1833
1924	90-kronoloji/2026-05.md	1834
1925	90-kronoloji/2026-05.md	1835
1926	90-kronoloji/2026-05.md	1836
1927	90-kronoloji/2026-05.md	1837
1928	90-kronoloji/2026-05.md	1838
1929	90-kronoloji/2026-05.md	1839
1930	90-kronoloji/2026-05.md	1840
1931	90-kronoloji/2026-05.md	1841
1932	90-kronoloji/2026-05.md	1842
1933	90-kronoloji/2026-05.md	1843
1934	90-kronoloji/2026-05.md	1844
1935	90-kronoloji/2026-05.md	1845
1936	90-kronoloji/2026-05.md	1846
1937	90-kronoloji/2026-05.md	1847
1938	90-kronoloji/2026-05.md	1848
1939	90-kronoloji/2026-05.md	1849
1940	90-kronoloji/2026-05.md	1850
1941	90-kronoloji/2026-05.md	1851
1942	90-kronoloji/2026-05.md	1852
1943	90-kronoloji/2026-05.md	1853
1944	90-kronoloji/2026-05.md	1854
1945	90-kronoloji/2026-05.md	1855
1946	90-kronoloji/2026-05.md	1856
1947	90-kronoloji/2026-05.md	1857
1948	90-kronoloji/2026-05.md	1858
1949	90-kronoloji/2026-05.md	1859
1950	90-kronoloji/2026-05.md	1860
1951	90-kronoloji/2026-05.md	1861
1952	90-kronoloji/2026-05.md	1862
1953	90-kronoloji/2026-05.md	1863
1954	90-kronoloji/2026-05.md	1864
1955	90-kronoloji/2026-05.md	1865
1956	90-kronoloji/2026-05.md	1866
1957	90-kronoloji/2026-05.md	1867
1958	90-kronoloji/2026-05.md	1868
1959	90-kronoloji/2026-05.md	1869
1960	90-kronoloji/2026-05.md	1870
1961	90-kronoloji/2026-05.md	1871
1962	90-kronoloji/2026-05.md	1872
1963	90-kronoloji/2026-05.md	1873
1964	90-kronoloji/2026-05.md	1874
1965	90-kronoloji/2026-05.md	1875
1966	90-kronoloji/2026-05.md	1876
1967	90-kronoloji/2026-05.md	1877
1968	90-kronoloji/2026-05.md	1878
1969	90-kronoloji/2026-05.md	1879
1970	90-kronoloji/2026-05.md	1880
1971	90-kronoloji/2026-05.md	1881
1972	90-kronoloji/2026-05.md	1882
1973	90-kronoloji/2026-05.md	1883
1974	90-kronoloji/2026-05.md	1884
1975	90-kronoloji/2026-05.md	1885
1976	90-kronoloji/2026-05.md	1886
1977	90-kronoloji/2026-05.md	1887
1978	90-kronoloji/2026-05.md	1888
1979	90-kronoloji/2026-05.md	1889
1980	90-kronoloji/2026-05.md	1890
1981	90-kronoloji/2026-05.md	1891
1982	90-kronoloji/2026-05.md	1892
1983	90-kronoloji/2026-05.md	1893
1984	90-kronoloji/2026-05.md	1894
1985	90-kronoloji/2026-05.md	1895
1986	90-kronoloji/2026-05.md	1896
1987	90-kronoloji/2026-05.md	1897
1988	90-kronoloji/2026-05.md	1898
1989	90-kronoloji/2026-05.md	1899
1990	90-kronoloji/2026-05.md	1900
1991	90-kronoloji/2026-05.md	1901
1992	90-kronoloji/2026-05.md	1902
1993	90-kronoloji/2026-05.md	1903
1994	90-kronoloji/2026-05.md	1904
1995	90-kronoloji/2026-05.md	1905
1996	90-kronoloji/2026-05.md	1906
1997	90-kronoloji/2026-05.md	1907
1998	90-kronoloji/2026-05.md	1908
1999	90-kronoloji/2026-05.md	1909
2000	90-kronoloji/2026-05.md	1910
2001	90-kronoloji/2026-05.md	1911
2002	90-kronoloji/2026-05.md	1912
2003	90-kronoloji/2026-05.md	1913
2004	90-kronoloji/2026-05.md	1914
2005	90-kronoloji/2026-05.md	1915
2006	90-kronoloji/2026-05.md	1916
2007	90-kronoloji/2026-05.md	1917
2008	90-kronoloji/2026-05.md	1918
2009	90-kronoloji/2026-05.md	1919
2010	90-kronoloji/2026-05.md	1920
2011	90-kronoloji/2026-05.md	1921
2012	90-kronoloji/2026-05.md	1922
2013	90-kronoloji/2026-05.md	1923
2014	90-kronoloji/2026-05.md	1924
2015	90-kronoloji/2026-05.md	1925
2016	90-kronoloji/2026-05.md	1926
2017	90-kronoloji/2026-05.md	1927
2018	90-kronoloji/2026-05.md	1928
2019	90-kronoloji/2026-05.md	1929
2020	90-kronoloji/2026-05.md	1930
2021	90-kronoloji/2026-05.md	1931
2022	90-kronoloji/2026-05.md	1932
2023	90-kronoloji/2026-05.md	1933
2024	90-kronoloji/2026-05.md	1934
2025	90-kronoloji/2026-05.md	1935
2026	90-kronoloji/2026-05.md	1936
2027	90-kronoloji/2026-05.md	1937
2028	90-kronoloji/2026-05.md	1938
2029	90-kronoloji/2026-05.md	1939
2030	90-kronoloji/2026-05.md	1940
2031	90-kronoloji/2026-05.md	1941
2032	90-kronoloji/2026-05.md	1942
2033	90-kronoloji/2026-05.md	1943
2034	90-kronoloji/2026-05.md	1944
2035	90-kronoloji/2026-05.md	1945
2036	90-kronoloji/2026-05.md	1946
2037	90-kronoloji/2026-05.md	1947
2038	90-kronoloji/2026-05.md	1948
2039	90-kronoloji/2026-05.md	1949
2040	90-kronoloji/2026-05.md	1950
2041	90-kronoloji/2026-05.md	1951
2042	90-kronoloji/2026-05.md	1952
2043	90-kronoloji/2026-05.md	1953
2044	90-kronoloji/2026-05.md	1954
2045	90-kronoloji/2026-05.md	1955
2046	90-kronoloji/2026-05.md	1956
2047	90-kronoloji/2026-05.md	1957
2048	90-kronoloji/2026-05.md	1958
2049	90-kronoloji/2026-05.md	1959
2050	90-kronoloji/2026-05.md	1960
2051	90-kronoloji/2026-05.md	1961
2052	90-kronoloji/2026-05.md	1962
2053	90-kronoloji/2026-05.md	1963
2054	90-kronoloji/2026-05.md	1964
2055	90-kronoloji/2026-05.md	1965
2056	90-kronoloji/2026-05.md	1966
2057	90-kronoloji/2026-05.md	1967
2058	90-kronoloji/2026-05.md	1968
2059	90-kronoloji/2026-05.md	1969
2060	90-kronoloji/2026-05.md	1970
2061	90-kronoloji/2026-05.md	1971
2062	90-kronoloji/2026-05.md	1972
2063	90-kronoloji/2026-05.md	1973
2064	90-kronoloji/2026-05.md	1974
2065	90-kronoloji/2026-05.md	1975
2066	90-kronoloji/2026-05.md	1976
2067	90-kronoloji/2026-05.md	1977
2068	90-kronoloji/2026-05.md	1978
2069	90-kronoloji/2026-05.md	1979
2070	90-kronoloji/2026-05.md	1980
2071	90-kronoloji/2026-05.md	1981
2072	90-kronoloji/2026-05.md	1982
2073	90-kronoloji/2026-05.md	1983
2074	90-kronoloji/2026-05.md	1984
2075	90-kronoloji/2026-05.md	1985
2076	90-kronoloji/2026-05.md	1986
2077	90-kronoloji/2026-05.md	1987
2078	90-kronoloji/2026-05.md	1988
2079	90-kronoloji/2026-05.md	1989
2080	90-kronoloji/2026-05.md	1990
2081	90-kronoloji/2026-05.md	1991
2082	90-kronoloji/2026-05.md	1992
2083	90-kronoloji/2026-05.md	1993
2084	90-kronoloji/2026-05.md	1994
2085	90-kronoloji/2026-05.md	1995
2086	90-kronoloji/2026-05.md	1996
2087	90-kronoloji/2026-05.md	1997
2088	90-kronoloji/2026-05.md	1998
2089	90-kronoloji/2026-05.md	1999
2090	90-kronoloji/2026-05.md	2000
2091	90-kronoloji/2026-05.md	2001
2092	90-kronoloji/2026-05.md	2002
2093	90-kronoloji/2026-05.md	2003
2094	90-kronoloji/2026-05.md	2004
2095	90-kronoloji/2026-05.md	2005
2096	90-kronoloji/2026-05.md	2006
2097	90-kronoloji/2026-05.md	2007
2098	90-kronoloji/2026-05.md	2008
2099	90-kronoloji/2026-05.md	2009
2100	90-kronoloji/2026-05.md	2010
2101	90-kronoloji/2026-05.md	2011
2102	90-kronoloji/2026-05.md	2012
2103	90-kronoloji/2026-05.md	2013
2104	90-kronoloji/2026-05.md	2014
2105	90-kronoloji/2026-05.md	2015
2106	90-kronoloji/2026-05.md	2016
2107	90-kronoloji/2026-05.md	2017
2108	90-kronoloji/2026-05.md	2018
2109	90-kronoloji/2026-05.md	2019
2110	90-kronoloji/2026-05.md	2020
2111	90-kronoloji/2026-05.md	2021
2112	90-kronoloji/2026-05.md	2022
2113	90-kronoloji/2026-05.md	2023
2114	90-kronoloji/2026-05.md	2024
2115	90-kronoloji/2026-05.md	2025
2116	90-kronoloji/2026-05.md	2026
2117	90-kronoloji/2026-05.md	2027
2118	90-kronoloji/2026-05.md	2028
2119	90-kronoloji/2026-05.md	2029
2120	90-kronoloji/2026-05.md	2030
2121	90-kronoloji/2026-05.md	2031
2122	90-kronoloji/2026-05.md	2032
2123	90-kronoloji/2026-05.md	2033
2124	90-kronoloji/2026-05.md	2034
2125	90-kronoloji/2026-05.md	2035
2126	90-kronoloji/2026-05.md	2036
2127	90-kronoloji/2026-05.md	2037
2128	90-kronoloji/2026-05.md	2038
2129	90-kronoloji/2026-05.md	2039
2130	90-kronoloji/2026-05.md	2040
2131	90-kronoloji/2026-05.md	2041
2132	90-kronoloji/2026-05.md	2042
2133	90-kronoloji/2026-05.md	2043
2134	90-kronoloji/2026-05.md	2044
2135	90-kronoloji/2026-05.md	2045
2136	90-kronoloji/2026-05.md	2046
2137	90-kronoloji/2026-05.md	2047
2138	90-kronoloji/2026-05.md	2048
2139	90-kronoloji/2026-05.md	2049
2140	90-kronoloji/2026-05.md	2050
2141	90-kronoloji/2026-05.md	2051
2142	90-kronoloji/2026-05.md	2052
2143	90-kronoloji/2026-05.md	2053
2144	90-kronoloji/2026-05.md	2054
2145	90-kronoloji/2026-05.md	2055
2146	90-kronoloji/2026-05.md	2056
2147	90-kronoloji/2026-05.md	2057
2148	90-kronoloji/2026-05.md	2058
2149	90-kronoloji/2026-05.md	2059
2150	90-kronoloji/2026-05.md	2060
2151	90-kronoloji/2026-05.md	2061
2152	90-kronoloji/2026-05.md	2062
2153	90-kronoloji/2026-05.md	2063
2154	90-kronoloji/2026-05.md	2064
2155	90-kronoloji/2026-05.md	2065
2156	90-kronoloji/2026-05.md	2066
2157	90-kronoloji/2026-05.md	2067
2158	90-kronoloji/2026-05.md	2068
2159	90-kronoloji/2026-05.md	2069
2160	90-kronoloji/2026-05.md	2070
2161	90-kronoloji/2026-05.md	2071
2162	90-kronoloji/2026-05.md	2072
2163	90-kronoloji/2026-05.md	2073
2164	90-kronoloji/2026-05.md	2074
2165	90-kronoloji/2026-05.md	2075
2166	90-kronoloji/2026-05.md	2076
2167	90-kronoloji/2026-05.md	2077
2168	90-kronoloji/2026-05.md	2078
2169	90-kronoloji/2026-05.md	2079
2170	90-kronoloji/2026-05.md	2080
2171	90-kronoloji/2026-05.md	2081
2172	90-kronoloji/2026-05.md	2082
2173	90-kronoloji/2026-05.md	2083
2174	90-kronoloji/2026-05.md	2084
2175	90-kronoloji/2026-05.md	2085
2176	90-kronoloji/2026-05.md	2086
2177	90-kronoloji/2026-05.md	2087
2178	90-kronoloji/2026-05.md	2088
2179	90-kronoloji/2026-05.md	2089
2180	90-kronoloji/2026-05.md	2090
2181	90-kronoloji/2026-05.md	2091
2182	90-kronoloji/2026-05.md	2092
2183	90-kronoloji/2026-05.md	2093
2184	90-kronoloji/2026-05.md	2094
2185	90-kronoloji/2026-05.md	2095
2186	90-kronoloji/2026-05.md	2096
2187	90-kronoloji/2026-05.md	2097
2188	90-kronoloji/2026-05.md	2098
2189	90-kronoloji/2026-05.md	2099
2190	90-kronoloji/2026-05.md	2100
2191	90-kronoloji/2026-05.md	2101
2192	90-kronoloji/2026-05.md	2102
2193	90-kronoloji/2026-05.md	2103
2194	90-kronoloji/2026-05.md	2104
2195	90-kronoloji/2026-05.md	2105
2196	90-kronoloji/2026-05.md	2106
2197	90-kronoloji/2026-05.md	2107
2198	90-kronoloji/2026-05.md	2108
2199	90-kronoloji/2026-05.md	2109
2200	90-kronoloji/2026-05.md	2110
2201	90-kronoloji/2026-05.md	2111
2202	90-kronoloji/2026-05.md	2112
2203	90-kronoloji/2026-05.md	2113
2204	90-kronoloji/2026-05.md	2114
2205	90-kronoloji/2026-05.md	2115
2206	90-kronoloji/2026-05.md	2116
2207	90-kronoloji/2026-05.md	2117
2208	90-kronoloji/2026-05.md	2118
2209	90-kronoloji/2026-05.md	2119
2210	90-kronoloji/2026-05.md	2120
2211	90-kronoloji/2026-05.md	2121
2212	90-kronoloji/2026-05.md	2122
2213	90-kronoloji/2026-05.md	2123
2214	90-kronoloji/2026-05.md	2124
2215	90-kronoloji/2026-05.md	2125
2216	90-kronoloji/2026-05.md	2126
2217	90-kronoloji/2026-05.md	2127
2218	90-kronoloji/2026-05.md	2128
2219	90-kronoloji/2026-05.md	2129
2220	90-kronoloji/2026-05.md	2130
2221	90-kronoloji/2026-05.md	2131
2222	90-kronoloji/2026-05.md	2132
2223	90-kronoloji/2026-05.md	2133
2224	90-kronoloji/2026-05.md	2134
2225	90-kronoloji/2026-05.md	2135
2226	90-kronoloji/2026-05.md	2136
2227	90-kronoloji/2026-05.md	2137
2228	90-kronoloji/2026-05.md	2138
2229	90-kronoloji/2026-05.md	2139
2230	90-kronoloji/2026-05.md	2140
2231	90-kronoloji/2026-05.md	2141
2232	90-kronoloji/2026-05.md	2142
2233	90-kronoloji/2026-05.md	2143
2234	90-kronoloji/2026-05.md	2144
2235	90-kronoloji/2026-05.md	2145
2236	90-kronoloji/2026-05.md	2146
2237	90-kronoloji/2026-05.md	2147
2238	90-kronoloji/2026-05.md	2148
2239	90-kronoloji/2026-05.md	2149
2240	90-kronoloji/2026-05.md	2150
2241	90-kronoloji/2026-05.md	2151
2242	90-kronoloji/2026-05.md	2152
2243	90-kronoloji/2026-05.md	2153
2244	90-kronoloji/2026-05.md	2154
2245	90-kronoloji/2026-05.md	2155
2246	90-kronoloji/2026-05.md	2156
2247	90-kronoloji/2026-05.md	2157
2248	90-kronoloji/2026-05.md	2158
2249	90-kronoloji/2026-05.md	2159
2250	90-kronoloji/2026-05.md	2160
2251	90-kronoloji/2026-05.md	2161
2252	90-kronoloji/2026-05.md	2162
2253	90-kronoloji/2026-05.md	2163
2254	90-kronoloji/2026-05.md	2164
2255	90-kronoloji/2026-05.md	2165
2256	90-kronoloji/2026-05.md	2166
2257	90-kronoloji/2026-05.md	2167
2258	90-kronoloji/2026-05.md	2168
2259	90-kronoloji/2026-05.md	2169
2260	90-kronoloji/2026-05.md	2170
2261	90-kronoloji/2026-05.md	2171
2262	90-kronoloji/2026-05.md	2172
2263	90-kronoloji/2026-05.md	2173
2264	90-kronoloji/2026-05.md	2174
2265	90-kronoloji/2026-05.md	2175
2266	90-kronoloji/2026-05.md	2176
2267	90-kronoloji/2026-05.md	2177
2268	90-kronoloji/2026-05.md	2178
2269	90-kronoloji/2026-05.md	2179
2270	90-kronoloji/2026-05.md	2180
2271	90-kronoloji/2026-05.md	2181
2272	90-kronoloji/2026-05.md	2182
2273	90-kronoloji/2026-05.md	2183
2274	90-kronoloji/2026-05.md	2184
2275	90-kronoloji/2026-05.md	2185
2276	90-kronoloji/2026-05.md	2186
2277	90-kronoloji/2026-05.md	2187
2278	90-kronoloji/2026-05.md	2188
2279	90-kronoloji/2026-05.md	2189
2280	90-kronoloji/2026-05.md	2190
2281	90-kronoloji/2026-05.md	2191
2282	90-kronoloji/2026-05.md	2192
2283	90-kronoloji/2026-05.md	2193
2284	90-kronoloji/2026-05.md	2194
2285	90-kronoloji/2026-05.md	2195
2286	90-kronoloji/2026-05.md	2196
2287	90-kronoloji/2026-05.md	2197
2288	90-kronoloji/2026-05.md	2198
2289	90-kronoloji/2026-05.md	2199
2290	90-kronoloji/2026-05.md	2200
2291	90-kronoloji/2026-05.md	2201
2292	90-kronoloji/2026-05.md	2202
2293	90-kronoloji/2026-05.md	2203
2294	90-kronoloji/2026-05.md	2204
2295	90-kronoloji/2026-05.md	2205
2296	90-kronoloji/2026-05.md	2206
2297	90-kronoloji/2026-05.md	2207
2298	90-kronoloji/2026-05.md	2208
2299	90-kronoloji/2026-05.md	2209
2300	90-kronoloji/2026-05.md	2210
2301	90-kronoloji/2026-05.md	2211
2302	90-kronoloji/2026-05.md	2212
2303	90-kronoloji/2026-05.md	2213
2304	90-kronoloji/2026-05.md	2214
2305	90-kronoloji/2026-05.md	2215
2306	90-kronoloji/2026-05.md	2216
2307	90-kronoloji/2026-05.md	2217
2308	90-kronoloji/2026-05.md	2218
2309	90-kronoloji/2026-05.md	2219
2310	90-kronoloji/2026-05.md	2220
2311	90-kronoloji/2026-05.md	2221
2312	90-kronoloji/2026-05.md	2222
2313	90-kronoloji/2026-05.md	2223
2314	90-kronoloji/2026-05.md	2224
2315	90-kronoloji/2026-05.md	2225
2316	90-kronoloji/2026-05.md	2226
2317	90-kronoloji/2026-05.md	2227
2318	90-kronoloji/2026-05.md	2228
2319	90-kronoloji/2026-05.md	2229
2320	90-kronoloji/2026-05.md	2230
2321	90-kronoloji/2026-05.md	2231
2322	90-kronoloji/2026-05.md	2232
2323	90-kronoloji/2026-05.md	2233
2324	90-kronoloji/2026-05.md	2234
2325	90-kronoloji/2026-05.md	2235
2326	90-kronoloji/2026-05.md	2236
2327	90-kronoloji/2026-05.md	2237
2328	90-kronoloji/2026-05.md	2238
2329	90-kronoloji/2026-05.md	2239
2330	90-kronoloji/2026-05.md	2240
2331	90-kronoloji/2026-05.md	2241
2332	90-kronoloji/2026-05.md	2242
2333	90-kronoloji/2026-05.md	2243
2334	90-kronoloji/2026-05.md	2244
2335	90-kronoloji/2026-05.md	2245
2336	90-kronoloji/2026-05.md	2246
2337	90-kronoloji/2026-05.md	2247
2338	90-kronoloji/2026-05.md	2248
2339	90-kronoloji/2026-05.md	2249
2340	90-kronoloji/2026-05.md	2250
2341	90-kronoloji/2026-05.md	2251
2342	90-kronoloji/2026-05.md	2252
2343	90-kronoloji/2026-05.md	2253
2344	90-kronoloji/2026-05.md	2254
2345	90-kronoloji/2026-05.md	2255
2346	90-kronoloji/2026-05.md	2256
2347	90-kronoloji/2026-05.md	2257
2348	90-kronoloji/2026-05.md	2258
2349	90-kronoloji/2026-05.md	2259
2350	90-kronoloji/2026-05.md	2260
2351	90-kronoloji/2026-05.md	2261
2352	90-kronoloji/2026-05.md	2262
2353	90-kronoloji/2026-05.md	2263
2354	90-kronoloji/2026-05.md	2264
2355	90-kronoloji/2026-05.md	2265
2356	90-kronoloji/2026-05.md	2266
2357	90-kronoloji/2026-05.md	2267
2358	90-kronoloji/2026-05.md	2268
2359	90-kronoloji/2026-05.md	2269
2360	90-kronoloji/2026-05.md	2270
2361	90-kronoloji/2026-05.md	2271
2362	90-kronoloji/2026-05.md	2272
2363	90-kronoloji/2026-05.md	2273
2364	90-kronoloji/2026-05.md	2274
2365	90-kronoloji/2026-05.md	2275
2366	90-kronoloji/2026-05.md	2276
2367	90-kronoloji/2026-05.md	2277
2368	90-kronoloji/2026-05.md	2278
2369	90-kronoloji/2026-05.md	2279
2370	90-kronoloji/2026-05.md	2280
2371	90-kronoloji/2026-05.md	2281
2372	90-kronoloji/2026-05.md	2282
2373	90-kronoloji/2026-05.md	2283
2374	90-kronoloji/2026-05.md	2284
2375	90-kronoloji/2026-05.md	2285
2376	90-kronoloji/2026-05.md	2286
2377	90-kronoloji/2026-05.md	2287
2378	90-kronoloji/2026-05.md	2288
2379	90-kronoloji/2026-05.md	2289
2380	90-kronoloji/2026-05.md	2290
2381	90-kronoloji/2026-05.md	2291
2382	90-kronoloji/2026-05.md	2292
2383	90-kronoloji/2026-05.md	2293
2384	90-kronoloji/2026-05.md	2294
2385	90-kronoloji/2026-05.md	2295
2386	90-kronoloji/2026-05.md	2296
2387	90-kronoloji/2026-05.md	2297
2388	90-kronoloji/2026-05.md	2298
2389	90-kronoloji/2026-05.md	2299
2390	90-kronoloji/2026-05.md	2300
2391	90-kronoloji/2026-05.md	2301
2392	90-kronoloji/2026-05.md	2302
2393	90-kronoloji/2026-05.md	2303
2394	90-kronoloji/2026-05.md	2304
2395	90-kronoloji/2026-05.md	2305
2396	90-kronoloji/2026-05.md	2306
2397	90-kronoloji/2026-05.md	2307
2398	90-kronoloji/2026-05.md	2308
2399	90-kronoloji/2026-05.md	2309
2400	90-kronoloji/2026-05.md	2310
2401	90-kronoloji/2026-05.md	2311
2402	90-kronoloji/2026-05.md	2312
2403	90-kronoloji/2026-05.md	2313
2404	90-kronoloji/2026-05.md	2314
2405	90-kronoloji/2026-05.md	2315
2406	90-kronoloji/2026-05.md	2316
2407	90-kronoloji/2026-05.md	2317
2408	90-kronoloji/2026-05.md	2318
2409	90-kronoloji/2026-05.md	2319
2410	90-kronoloji/2026-05.md	2320
2411	90-kronoloji/2026-05.md	2321
2412	90-kronoloji/2026-05.md	2322
2413	90-kronoloji/2026-05.md	2323
2414	90-kronoloji/2026-05.md	2324
2415	90-kronoloji/2026-05.md	2325
2416	90-kronoloji/2026-05.md	2326
2417	90-kronoloji/2026-05.md	2327
2418	90-kronoloji/2026-05.md	2328
2419	90-kronoloji/2026-05.md	2329
2420	90-kronoloji/2026-05.md	2330
2421	90-kronoloji/2026-05.md	2331
2422	90-kronoloji/2026-05.md	2332
2423	90-kronoloji/2026-05.md	2333
2424	90-kronoloji/2026-05.md	2334
2425	90-kronoloji/2026-05.md	2335
2426	90-kronoloji/2026-05.md	2336
2427	90-kronoloji/2026-05.md	2337
2428	90-kronoloji/2026-05.md	2338
2429	90-kronoloji/2026-05.md	2339
2430	90-kronoloji/2026-05.md	2340
2431	90-kronoloji/2026-05.md	2341
2432	90-kronoloji/2026-05.md	2342
2433	90-kronoloji/2026-05.md	2343
2434	90-kronoloji/2026-05.md	2344
2435	90-kronoloji/2026-05.md	2345
2436	90-kronoloji/2026-05.md	2346
2437	90-kronoloji/2026-05.md	2347
2438	90-kronoloji/2026-05.md	2348
2439	90-kronoloji/2026-05.md	2349
2440	90-kronoloji/2026-05.md	2350
2441	90-kronoloji/2026-05.md	2351
2442	90-kronoloji/2026-05.md	2352
2443	90-kronoloji/2026-05.md	2353
2444	90-kronoloji/2026-05.md	2354
2445	90-kronoloji/2026-05.md	2355
2446	90-kronoloji/2026-05.md	2356
2447	90-kronoloji/2026-05.md	2357
2448	90-kronoloji/2026-05.md	2358
2449	90-kronoloji/2026-05.md	2359
2450	90-kronoloji/2026-05.md	2360
2451	90-kronoloji/2026-05.md	2361
2452	90-kronoloji/2026-05.md	2362
2453	90-kronoloji/2026-05.md	2363
2454	90-kronoloji/2026-05.md	2364
2455	90-kronoloji/2026-05.md	2365
2456	90-kronoloji/2026-05.md	2366
2457	90-kronoloji/2026-05.md	2367
2458	90-kronoloji/2026-05.md	2368
2459	90-kronoloji/2026-05.md	2369
2460	90-kronoloji/2026-05.md	2370
2461	90-kronoloji/2026-05.md	2371
2462	90-kronoloji/2026-05.md	2372
2463	90-kronoloji/2026-05.md	2373
2464	90-kronoloji/2026-05.md	2374
2465	90-kronoloji/2026-05.md	2375
2466	90-kronoloji/2026-05.md	2376
2467	90-kronoloji/2026-05.md	2377
2468	90-kronoloji/2026-05.md	2378
2469	90-kronoloji/2026-05.md	2379
2470	90-kronoloji/2026-05.md	2380
2471	90-kronoloji/2026-05.md	2381
2472	90-kronoloji/2026-05.md	2382
2473	90-kronoloji/2026-05.md	2383
2474	90-kronoloji/2026-05.md	2384
2475	90-kronoloji/2026-05.md	2385
2476	90-kronoloji/2026-05.md	2386
2477	90-kronoloji/2026-05.md	2387
2478	90-kronoloji/2026-05.md	2388
2479	90-kronoloji/2026-05.md	2389
2480	90-kronoloji/2026-05.md	2390
2481	90-kronoloji/2026-05.md	2391
2482	90-kronoloji/2026-05.md	2392
2483	90-kronoloji/2026-05.md	2393
2484	90-kronoloji/2026-05.md	2394
2485	90-kronoloji/2026-05.md	2395
2486	90-kronoloji/2026-05.md	2396
2487	90-kronoloji/2026-05.md	2397
2488	90-kronoloji/2026-05.md	2398
2489	90-kronoloji/2026-05.md	2399
2490	90-kronoloji/2026-05.md	2400
2491	90-kronoloji/2026-05.md	2401
2492	90-kronoloji/2026-05.md	2402
2493	90-kronoloji/2026-05.md	2403
2494	90-kronoloji/2026-05.md	2404
2495	90-kronoloji/2026-05.md	2405
2496	90-kronoloji/2026-05.md	2406
2497	90-kronoloji/2026-05.md	2407
2498	90-kronoloji/2026-05.md	2408
2499	90-kronoloji/2026-05.md	2409
2500	90-kronoloji/2026-05.md	2410
2501	90-kronoloji/2026-05.md	2411
2502	90-kronoloji/2026-05.md	2412
2503	90-kronoloji/2026-05.md	2413
2504	90-kronoloji/2026-05.md	2414
2505	90-kronoloji/2026-05.md	2415
2506	90-kronoloji/2026-05.md	2416
2507	90-kronoloji/2026-05.md	2417
2508	90-kronoloji/2026-05.md	2418
2509	90-kronoloji/2026-05.md	2419
2510	90-kronoloji/2026-05.md	2420
2511	90-kronoloji/2026-05.md	2421
2512	90-kronoloji/2026-05.md	2422
2513	90-kronoloji/2026-05.md	2423
2514	90-kronoloji/2026-05.md	2424
2515	90-kronoloji/2026-05.md	2425
2516	90-kronoloji/2026-05.md	2426
2517	90-kronoloji/2026-05.md	2427
2518	90-kronoloji/2026-05.md	2428
2519	90-kronoloji/2026-05.md	2429
2520	90-kronoloji/2026-05.md	2430
2521	90-kronoloji/2026-05.md	2431
2522	90-kronoloji/2026-05.md	2432
2523	90-kronoloji/2026-05.md	2433
2524	90-kronoloji/2026-05.md	2434
2525	90-kronoloji/2026-05.md	2435
2526	90-kronoloji/2026-05.md	2436
2527	90-kronoloji/2026-05.md	2437
2528	90-kronoloji/2026-05.md	2438
2529	90-kronoloji/2026-05.md	2439
2530	90-kronoloji/2026-05.md	2440
2531	90-kronoloji/2026-05.md	2441
2532	90-kronoloji/2026-05.md	2442
2533	90-kronoloji/2026-05.md	2443
2534	90-kronoloji/2026-05.md	2444
2535	90-kronoloji/2026-05.md	2445
2536	90-kronoloji/2026-05.md	2446
2537	90-kronoloji/2026-05.md	2447
2538	90-kronoloji/2026-05.md	2448
2539	90-kronoloji/2026-05.md	2449
2540	90-kronoloji/2026-05.md	2450
2541	90-kronoloji/2026-05.md	2451
2542	90-kronoloji/2026-05.md	2452
2543	90-kronoloji/2026-05.md	2453
2544	90-kronoloji/2026-05.md	2454
2545	90-kronoloji/2026-05.md	2455
2546	90-kronoloji/2026-05.md	2456
2547	90-kronoloji/2026-05.md	2457
2548	90-kronoloji/2026-05.md	2458
2549	90-kronoloji/2026-05.md	2459
2550	90-kronoloji/2026-05.md	2460
2551	90-kronoloji/2026-05.md	2461
2552	90-kronoloji/2026-05.md	2462
2553	90-kronoloji/2026-05.md	2463
2554	90-kronoloji/2026-05.md	2464
2555	90-kronoloji/2026-05.md	2465
2556	90-kronoloji/2026-05.md	2466
2557	90-kronoloji/2026-05.md	2467
2558	90-kronoloji/2026-05.md	2468
2559	90-kronoloji/2026-05.md	2469
2560	90-kronoloji/2026-05.md	2470
2561	90-kronoloji/2026-05.md	2471
2562	90-kronoloji/2026-05.md	2472
2563	90-kronoloji/2026-05.md	2473
2564	90-kronoloji/2026-05.md	2474
2565	90-kronoloji/2026-05.md	2475
2566	90-kronoloji/2026-05.md	2476
2567	90-kronoloji/2026-05.md	2477
2568	90-kronoloji/2026-05.md	2478
2569	90-kronoloji/2026-05.md	2479
2570	90-kronoloji/2026-05.md	2480
2571	90-kronoloji/2026-05.md	2481
2572	90-kronoloji/2026-05.md	2482
2573	90-kronoloji/2026-05.md	2483
2574	90-kronoloji/2026-05.md	2484
2575	90-kronoloji/2026-05.md	2485
2576	90-kronoloji/2026-05.md	2486
2577	90-kronoloji/2026-05.md	2487
2578	90-kronoloji/2026-05.md	2488
2579	90-kronoloji/2026-05.md	2489
2580	90-kronoloji/2026-05.md	2490
2581	90-kronoloji/2026-05.md	2491
2582	90-kronoloji/2026-05.md	2492
2583	90-kronoloji/2026-05.md	2493
2584	90-kronoloji/2026-05.md	2494
2585	90-kronoloji/2026-05.md	2495
2586	90-kronoloji/2026-05.md	2496
2587	90-kronoloji/2026-05.md	2497
2588	90-kronoloji/2026-05.md	2498
2589	90-kronoloji/2026-05.md	2499
2590	90-kronoloji/2026-05.md	2500
2591	90-kronoloji/2026-05.md	2501
2592	90-kronoloji/2026-05.md	2502
2593	90-kronoloji/2026-05.md	2503
2594	90-kronoloji/2026-05.md	2504
2595	90-kronoloji/2026-05.md	2505
2596	90-kronoloji/2026-05.md	2506
2597	90-kronoloji/2026-05.md	2507
2598	90-kronoloji/2026-05.md	2508
2599	90-kronoloji/2026-05.md	2509
2600	90-kronoloji/2026-05.md	2510
2601	90-kronoloji/2026-05.md	2511
2602	90-kronoloji/2026-05.md	2512
2603	90-kronoloji/2026-05.md	2513
2604	90-kronoloji/2026-05.md	2514
2605	90-kronoloji/2026-05.md	2515
2606	90-kronoloji/2026-05.md	2516
2607	90-kronoloji/2026-05.md	2517
2608	90-kronoloji/2026-05.md	2518
2609	90-kronoloji/2026-05.md	2519
2610	90-kronoloji/2026-05.md	2520
2611	90-kronoloji/2026-05.md	2521
2612	90-kronoloji/2026-05.md	2522
2613	90-kronoloji/2026-05.md	2523
2614	90-kronoloji/2026-05.md	2524
2615	90-kronoloji/2026-05.md	2525
2616	90-kronoloji/2026-05.md	2526
2617	90-kronoloji/2026-05.md	2527
2618	90-kronoloji/2026-05.md	2528
2619	90-kronoloji/2026-05.md	2529
2620	90-kronoloji/2026-05.md	2530
2621	90-kronoloji/2026-05.md	2531
2622	90-kronoloji/2026-05.md	2532
2623	90-kronoloji/2026-05.md	2533
2624	90-kronoloji/2026-05.md	2534
2625	90-kronoloji/2026-05.md	2535
2626	90-kronoloji/2026-05.md	2536
2627	90-kronoloji/2026-05.md	2537
2628	90-kronoloji/2026-05.md	2538
2629	90-kronoloji/2026-05.md	2539
2630	90-kronoloji/2026-05.md	2540
2631	90-kronoloji/2026-05.md	2541
2632	90-kronoloji/2026-05.md	2542
2633	90-kronoloji/2026-05.md	2543
2634	90-kronoloji/2026-05.md	2544
2635	90-kronoloji/2026-05.md	2545
2636	90-kronoloji/2026-05.md	2546
2637	90-kronoloji/2026-05.md	2547
2638	90-kronoloji/2026-05.md	2548
2639	90-kronoloji/2026-05.md	2549
2640	90-kronoloji/2026-05.md	2550
2641	90-kronoloji/2026-05.md	2551
2642	90-kronoloji/2026-05.md	2552
2643	90-kronoloji/2026-05.md	2553
2644	90-kronoloji/2026-05.md	2554
2645	90-kronoloji/2026-05.md	2555
2646	90-kronoloji/2026-05.md	2556
2647	90-kronoloji/2026-05.md	2557
2648	90-kronoloji/2026-05.md	2558
2649	90-kronoloji/2026-05.md	2559
2650	90-kronoloji/2026-05.md	2560
2651	90-kronoloji/2026-05.md	2561
2652	90-kronoloji/2026-05.md	2562
2653	90-kronoloji/2026-05.md	2563
2654	90-kronoloji/2026-05.md	2564
2655	90-kronoloji/2026-05.md	2565
2656	90-kronoloji/2026-05.md	2566
2657	90-kronoloji/2026-05.md	2567
2658	90-kronoloji/2026-05.md	2568
2659	90-kronoloji/2026-05.md	2569
2660	90-kronoloji/2026-05.md	2570
2661	90-kronoloji/2026-05.md	2571
2662	90-kronoloji/2026-05.md	2572
2663	90-kronoloji/2026-05.md	2573
2664	90-kronoloji/2026-05.md	2574
2665	90-kronoloji/2026-05.md	2575
2666	90-kronoloji/2026-05.md	2576
2667	90-kronoloji/2026-05.md	2577
2668	90-kronoloji/2026-05.md	2578
2669	90-kronoloji/2026-05.md	2579
2670	90-kronoloji/2026-05.md	2580
2671	90-kronoloji/2026-05.md	2581
2672	90-kronoloji/2026-05.md	2582
2673	90-kronoloji/2026-05.md	2583
2674	90-kronoloji/2026-05.md	2584
2675	90-kronoloji/2026-05.md	2585
2676	90-kronoloji/2026-05.md	2586
2677	90-kronoloji/2026-05.md	2587
2678	90-kronoloji/2026-05.md	2588
2679	90-kronoloji/2026-05.md	2589
2680	90-kronoloji/2026-05.md	2590
2681	90-kronoloji/2026-05.md	2591
2682	90-kronoloji/2026-05.md	2592
2683	90-kronoloji/2026-05.md	2593
2684	90-kronoloji/2026-05.md	2594
2685	90-kronoloji/2026-05.md	2595
2686	90-kronoloji/2026-05.md	2596
2687	90-kronoloji/2026-05.md	2597
2688	90-kronoloji/2026-05.md	2598
2689	90-kronoloji/2026-05.md	2599
2690	90-kronoloji/2026-05.md	2600
2691	90-kronoloji/2026-05.md	2601
2692	90-kronoloji/2026-05.md	2602
2693	90-kronoloji/2026-05.md	2603
2694	90-kronoloji/2026-05.md	2604
2695	90-kronoloji/2026-05.md	2605
2696	90-kronoloji/2026-05.md	2606
2697	90-kronoloji/2026-05.md	2607
2698	90-kronoloji/2026-05.md	2608
2699	90-kronoloji/2026-05.md	2609
2700	90-kronoloji/2026-05.md	2610
2701	90-kronoloji/2026-05.md	2611
2702	90-kronoloji/2026-05.md	2612
2703	90-kronoloji/2026-05.md	2613
2704	90-kronoloji/2026-05.md	2614
2705	90-kronoloji/2026-05.md	2615
2706	90-kronoloji/2026-05.md	2616
2707	90-kronoloji/2026-05.md	2617
2708	90-kronoloji/2026-05.md	2618
2709	90-kronoloji/2026-05.md	2619
2710	90-kronoloji/2026-05.md	2620
2711	90-kronoloji/2026-05.md	2621
2712	90-kronoloji/2026-05.md	2622
2713	90-kronoloji/2026-05.md	2623
2714	90-kronoloji/2026-05.md	2624
2715	90-kronoloji/2026-05.md	2625
2716	90-kronoloji/2026-05.md	2626
2717	90-kronoloji/2026-05.md	2627
2718	90-kronoloji/2026-05.md	2628
2719	90-kronoloji/2026-05.md	2629
2720	90-kronoloji/2026-05.md	2630
2721	90-kronoloji/2026-05.md	2631
2722	90-kronoloji/2026-05.md	2632
2723	90-kronoloji/2026-05.md	2633
2724	90-kronoloji/2026-05.md	2634
2725	90-kronoloji/2026-05.md	2635
2726	90-kronoloji/2026-05.md	2636
2727	90-kronoloji/2026-05.md	2637
2728	90-kronoloji/2026-05.md	2638
2729	90-kronoloji/2026-05.md	2639
2730	90-kronoloji/2026-05.md	2640
2731	90-kronoloji/2026-05.md	2641
2732	90-kronoloji/2026-05.md	2642
2733	90-kronoloji/2026-05.md	2643
2734	90-kronoloji/2026-05.md	2644
2735	90-kronoloji/2026-05.md	2645
2736	90-kronoloji/2026-05.md	2646
2737	90-kronoloji/2026-05.md	2647
2738	90-kronoloji/2026-05.md	2648
2739	90-kronoloji/2026-05.md	2649
2740	90-kronoloji/2026-05.md	2650
2741	90-kronoloji/2026-05.md	2651
2742	90-kronoloji/2026-05.md	2652
2743	90-kronoloji/2026-05.md	2653
2744	90-kronoloji/2026-05.md	2654
2745	90-kronoloji/2026-05.md	2655
2746	90-kronoloji/2026-05.md	2656
2747	90-kronoloji/2026-05.md	2657
2748	90-kronoloji/2026-05.md	2658
2749	90-kronoloji/2026-05.md	2659
2750	90-kronoloji/2026-05.md	2660
2751	90-kronoloji/2026-05.md	2661
2752	90-kronoloji/2026-05.md	2662
2753	90-kronoloji/2026-05.md	2663
2754	90-kronoloji/2026-05.md	2664
2755	90-kronoloji/2026-05.md	2665
2756	90-kronoloji/2026-05.md	2666
2757	90-kronoloji/2026-05.md	2667
2758	90-kronoloji/2026-05.md	2668
2759	90-kronoloji/2026-05.md	2669
2760	90-kronoloji/2026-05.md	2670
2761	90-kronoloji/2026-05.md	2671
2762	90-kronoloji/2026-05.md	2672
2763	90-kronoloji/2026-05.md	2673
2764	90-kronoloji/2026-05.md	2674
2765	90-kronoloji/2026-05.md	2675
2766	90-kronoloji/2026-05.md	2676
2767	90-kronoloji/2026-05.md	2677
2768	90-kronoloji/2026-05.md	2678
2769	90-kronoloji/2026-05.md	2679
2770	90-kronoloji/2026-05.md	2680
2771	90-kronoloji/2026-05.md	2681
2772	90-kronoloji/2026-05.md	2682
2773	90-kronoloji/2026-05.md	2683
2774	90-kronoloji/2026-05.md	2684
2775	90-kronoloji/2026-05.md	2685
2776	90-kronoloji/2026-05.md	2686
2777	90-kronoloji/2026-05.md	2687
2778	90-kronoloji/2026-05.md	2688
2779	90-kronoloji/2026-05.md	2689
2780	90-kronoloji/2026-05.md	2690
2781	90-kronoloji/2026-05.md	2691
2782	90-kronoloji/2026-05.md	2692
2783	90-kronoloji/2026-05.md	2693
2784	90-kronoloji/2026-05.md	2694
2785	90-kronoloji/2026-05.md	2695
2786	90-kronoloji/2026-05.md	2696
2787	90-kronoloji/2026-05.md	2697
2788	90-kronoloji/2026-05.md	2698
2789	90-kronoloji/2026-05.md	2699
2790	90-kronoloji/2026-05.md	2700
2791	90-kronoloji/2026-05.md	2701
2792	90-kronoloji/2026-05.md	2702
2793	90-kronoloji/2026-05.md	2703
2794	90-kronoloji/2026-05.md	2704
2795	90-kronoloji/2026-05.md	2705
2796	90-kronoloji/2026-05.md	2706
2797	90-kronoloji/2026-05.md	2707
2798	90-kronoloji/2026-05.md	2708
2799	90-kronoloji/2026-05.md	2709
2800	90-kronoloji/2026-05.md	2710
2801	90-kronoloji/2026-05.md	2711
2802	90-kronoloji/2026-05.md	2712
2803	90-kronoloji/2026-05.md	2713
2804	90-kronoloji/2026-05.md	2714
2805	90-kronoloji/2026-05.md	2715
2806	90-kronoloji/2026-05.md	2716
2807	90-kronoloji/2026-05.md	2717
2808	90-kronoloji/2026-05.md	2718
2809	90-kronoloji/2026-05.md	2719
2810	90-kronoloji/2026-05.md	2720
2811	90-kronoloji/2026-05.md	2721
2812	90-kronoloji/2026-05.md	2722
2813	90-kronoloji/2026-05.md	2723
2814	90-kronoloji/2026-05.md	2724
2815	90-kronoloji/2026-05.md	2725
2816	90-kronoloji/2026-05.md	2726
2817	90-kronoloji/2026-05.md	2727
2818	90-kronoloji/2026-05.md	2728
2819	90-kronoloji/2026-05.md	2729
2820	90-kronoloji/2026-05.md	2730
2821	90-kronoloji/2026-05.md	2731
2822	90-kronoloji/2026-05.md	2732
2823	90-kronoloji/2026-05.md	2733
2824	90-kronoloji/2026-05.md	2734
2825	90-kronoloji/2026-05.md	2735
2826	90-kronoloji/2026-05.md	2736
2827	90-kronoloji/2026-05.md	2737
2828	90-kronoloji/2026-05.md	2738
2829	90-kronoloji/2026-05.md	2739
2830	90-kronoloji/2026-05.md	2740
2831	90-kronoloji/2026-05.md	2741
2832	90-kronoloji/2026-05.md	2742
2833	90-kronoloji/2026-05.md	2743
2834	90-kronoloji/2026-05.md	2744
2835	90-kronoloji/2026-05.md	2745
2836	90-kronoloji/2026-05.md	2746
2837	90-kronoloji/2026-05.md	2747
2838	90-kronoloji/2026-05.md	2748
2839	90-kronoloji/2026-05.md	2749
2840	90-kronoloji/2026-05.md	2750
2841	90-kronoloji/2026-05.md	2751
2842	90-kronoloji/2026-05.md	2752
2843	90-kronoloji/2026-05.md	2753
2844	90-kronoloji/2026-05.md	2754
2845	90-kronoloji/2026-05.md	2755
2846	90-kronoloji/2026-05.md	2756
2847	90-kronoloji/2026-05.md	2757
2848	90-kronoloji/2026-05.md	2758
2849	90-kronoloji/2026-05.md	2759
2850	90-kronoloji/2026-05.md	2760
2851	90-kronoloji/2026-05.md	2761
2852	90-kronoloji/2026-05.md	2762
2853	90-kronoloji/2026-05.md	2763
2854	90-kronoloji/2026-05.md	2764
2855	90-kronoloji/2026-05.md	2765
2856	90-kronoloji/2026-05.md	2766
2857	90-kronoloji/2026-05.md	2767
2858	90-kronoloji/2026-05.md	2768
2859	90-kronoloji/2026-05.md	2769
2860	90-kronoloji/2026-05.md	2770
2861	90-kronoloji/2026-05.md	2771
2862	90-kronoloji/2026-05.md	2772
2863	90-kronoloji/2026-05.md	2773
2864	90-kronoloji/2026-05.md	2774
2865	90-kronoloji/2026-05.md	2775
2866	90-kronoloji/2026-05.md	2776
2867	90-kronoloji/2026-05.md	2777
2868	90-kronoloji/2026-05.md	2778
2869	90-kronoloji/2026-05.md	2779
2870	90-kronoloji/2026-05.md	2780
2871	90-kronoloji/2026-05.md	2781
2872	90-kronoloji/2026-05.md	2782
2873	90-kronoloji/2026-05.md	2783
2874	90-kronoloji/2026-05.md	2784
2875	90-kronoloji/2026-05.md	2785
2876	90-kronoloji/2026-05.md	2786
2877	90-kronoloji/2026-05.md	2787
2878	90-kronoloji/2026-05.md	2788
2879	90-kronoloji/2026-05.md	2789
2880	90-kronoloji/2026-05.md	2790
2881	90-kronoloji/2026-05.md	2791
2882	90-kronoloji/2026-05.md	2792
2883	90-kronoloji/2026-05.md	2793
2884	90-kronoloji/2026-05.md	2794
2885	90-kronoloji/2026-05.md	2795
2886	90-kronoloji/2026-05.md	2796
2887	90-kronoloji/2026-05.md	2797
2888	90-kronoloji/2026-05.md	2798
2889	90-kronoloji/2026-05.md	2799
2890	90-kronoloji/2026-05.md	2800
2891	90-kronoloji/2026-05.md	2801
2892	90-kronoloji/2026-05.md	2802
2893	90-kronoloji/2026-05.md	2803
2894	90-kronoloji/2026-05.md	2804
2895	90-kronoloji/2026-05.md	2805
2896	90-kronoloji/2026-05.md	2806
2897	90-kronoloji/2026-05.md	2807
2898	90-kronoloji/2026-05.md	2808
2899	90-kronoloji/2026-05.md	2809
2900	90-kronoloji/2026-05.md	2810
2901	90-kronoloji/2026-05.md	2811
2902	90-kronoloji/2026-05.md	2812
2903	90-kronoloji/2026-05.md	2813
2904	90-kronoloji/2026-05.md	2814
2905	90-kronoloji/2026-05.md	2815
2906	90-kronoloji/2026-05.md	2816
2907	90-kronoloji/2026-05.md	2817
2908	90-kronoloji/2026-05.md	2818
2909	90-kronoloji/2026-05.md	2819
2910	90-kronoloji/2026-05.md	2820
2911	90-kronoloji/2026-05.md	2821
2912	90-kronoloji/2026-05.md	2822
2913	90-kronoloji/2026-05.md	2823
2914	90-kronoloji/2026-05.md	2824
2915	90-kronoloji/2026-05.md	2825
2916	90-kronoloji/2026-05.md	2826
2917	90-kronoloji/2026-05.md	2827
2918	90-kronoloji/2026-05.md	2828
2919	90-kronoloji/2026-05.md	2829
2920	90-kronoloji/2026-05.md	2830
2921	90-kronoloji/2026-05.md	2831
2922	90-kronoloji/2026-05.md	2832
2923	90-kronoloji/2026-05.md	2833
2924	90-kronoloji/2026-05.md	2834
2925	90-kronoloji/2026-05.md	2835
2926	90-kronoloji/2026-05.md	2836
2927	90-kronoloji/2026-05.md	2837
2928	90-kronoloji/2026-05.md	2838
2929	90-kronoloji/2026-05.md	2839
2930	90-kronoloji/2026-05.md	2840
2931	90-kronoloji/2026-05.md	2841
2932	90-kronoloji/2026-05.md	2842
2933	90-kronoloji/2026-05.md	2843
2934	90-kronoloji/2026-05.md	2844
2935	90-kronoloji/2026-05.md	2845
2936	90-kronoloji/2026-05.md	2846
2937	90-kronoloji/2026-05.md	2847
2938	90-kronoloji/2026-05.md	2848
2939	90-kronoloji/2026-05.md	2849
2940	90-kronoloji/2026-05.md	2850
2941	90-kronoloji/2026-05.md	2851
2942	90-kronoloji/2026-05.md	2852
2943	90-kronoloji/2026-05.md	2853
2944	90-kronoloji/2026-05.md	2854
2945	90-kronoloji/2026-05.md	2855
2946	90-kronoloji/2026-05.md	2856
2947	90-kronoloji/2026-05.md	2857
2948	90-kronoloji/2026-05.md	2858
2949	90-kronoloji/2026-05.md	2859
2950	90-kronoloji/2026-05.md	2860
2951	90-kronoloji/2026-05.md	2861
2952	90-kronoloji/2026-05.md	2862
2953	90-kronoloji/2026-05.md	2863
2954	90-kronoloji/2026-05.md	2864
2955	90-kronoloji/2026-05.md	2865
2956	90-kronoloji/2026-05.md	2866
2957	90-kronoloji/2026-05.md	2867
2958	90-kronoloji/2026-05.md	2868
2959	90-kronoloji/2026-05.md	2869
2960	90-kronoloji/2026-05.md	2870
2961	90-kronoloji/2026-05.md	2871
2962	90-kronoloji/2026-05.md	2872
2963	90-kronoloji/2026-05.md	2873
2964	90-kronoloji/2026-05.md	2874
2965	90-kronoloji/2026-05.md	2875
2966	90-kronoloji/2026-05.md	2876
2967	90-kronoloji/2026-05.md	2877
2968	90-kronoloji/2026-05.md	2878
2969	90-kronoloji/2026-05.md	2879
2970	90-kronoloji/2026-05.md	2880
2971	90-kronoloji/2026-05.md	2881
2972	90-kronoloji/2026-05.md	2882
2973	90-kronoloji/2026-05.md	2883
2974	90-kronoloji/2026-05.md	2884
2975	90-kronoloji/2026-05.md	2885
2976	90-kronoloji/2026-05.md	2886
2977	90-kronoloji/2026-05.md	2887
2978	90-kronoloji/2026-05.md	2888
2979	90-kronoloji/2026-05.md	2889
2980	90-kronoloji/2026-05.md	2890
2981	90-kronoloji/2026-05.md	2891
2982	90-kronoloji/2026-05.md	2892
2983	90-kronoloji/2026-05.md	2893
2984	90-kronoloji/2026-05.md	2894
2985	90-kronoloji/2026-05.md	2895
2986	90-kronoloji/2026-05.md	2896
2987	90-kronoloji/2026-05.md	2897
2988	90-kronoloji/2026-05.md	2898
2989	90-kronoloji/2026-05.md	2899
2990	90-kronoloji/2026-05.md	2900
2991	90-kronoloji/2026-05.md	2901
2992	90-kronoloji/2026-05.md	2902
2993	90-kronoloji/2026-05.md	2903
2994	90-kronoloji/2026-05.md	2904
2995	90-kronoloji/2026-05.md	2905
2996	90-kronoloji/2026-05.md	2906
2997	90-kronoloji/2026-05.md	2907
2998	90-kronoloji/2026-05.md	2908
2999	90-kronoloji/2026-05.md	2909
3000	90-kronoloji/2026-05.md	2910
3001	90-kronoloji/2026-05.md	2911
3002	90-kronoloji/2026-05.md	2912
3003	90-kronoloji/2026-05.md	2913
3004	90-kronoloji/2026-05.md	2914
3005	90-kronoloji/2026-05.md	2915
3006	90-kronoloji/2026-05.md	2916
3007	90-kronoloji/2026-05.md	2917
3008	90-kronoloji/2026-05.md	2918
3009	90-kronoloji/2026-05.md	2919
3010	90-kronoloji/2026-05.md	2920
3011	90-kronoloji/2026-05.md	2921
3012	90-kronoloji/2026-05.md	2922
3013	90-kronoloji/2026-05.md	2923
3014	90-kronoloji/2026-05.md	2924
3015	90-kronoloji/2026-05.md	2925
3016	90-kronoloji/2026-05.md	2926
3017	90-kronoloji/2026-05.md	2927
3018	90-kronoloji/2026-05.md	2928
3019	90-kronoloji/2026-05.md	2929
3020	90-kronoloji/2026-05.md	2930
3021	90-kronoloji/2026-05.md	2931
3022	90-kronoloji/2026-05.md	2932
3023	90-kronoloji/2026-05.md	2933
3024	90-kronoloji/2026-05.md	2934
3025	90-kronoloji/2026-05.md	2935
3026	90-kronoloji/2026-05.md	2936
3027	90-kronoloji/2026-05.md	2937
3028	90-kronoloji/2026-05.md	2938
3029	90-kronoloji/2026-05.md	2939
3030	90-kronoloji/2026-05.md	2940
3031	90-kronoloji/2026-05.md	2941
3032	90-kronoloji/2026-05.md	2942
3033	90-kronoloji/2026-05.md	2943
3034	90-kronoloji/2026-05.md	2944
3035	90-kronoloji/2026-05.md	2945
3036	90-kronoloji/2026-05.md	2946
3037	90-kronoloji/2026-05.md	2947
3038	90-kronoloji/2026-05.md	2948
3039	90-kronoloji/2026-05.md	2949
3040	90-kronoloji/2026-05.md	2950
3041	90-kronoloji/2026-05.md	2951
3042	90-kronoloji/2026-05.md	2952
3043	90-kronoloji/2026-05.md	2953
3044	90-kronoloji/2026-05.md	2954
3045	90-kronoloji/2026-05.md	2955
3046	90-kronoloji/2026-05.md	2956
3047	90-kronoloji/2026-05.md	2957
3048	90-kronoloji/2026-05.md	2958
3049	90-kronoloji/2026-05.md	2959
3050	90-kronoloji/2026-05.md	2960
3051	90-kronoloji/2026-05.md	2961
3052	90-kronoloji/2026-05.md	2962
3053	90-kronoloji/2026-05.md	2963
3054	90-kronoloji/2026-05.md	2964
3055	90-kronoloji/2026-05.md	2965
3056	90-kronoloji/2026-05.md	2966
3057	90-kronoloji/2026-05.md	2967
3058	90-kronoloji/2026-05.md	2968
3059	90-kronoloji/2026-05.md	2969
3060	90-kronoloji/2026-05.md	2970
3061	90-kronoloji/2026-05.md	2971
3062	90-kronoloji/2026-05.md	2972
3063	90-kronoloji/2026-05.md	2973
3064	90-kronoloji/2026-05.md	2974
3065	90-kronoloji/2026-05.md	2975
3066	90-kronoloji/2026-05.md	2976
3067	90-kronoloji/2026-05.md	2977
3068	90-kronoloji/2026-05.md	2978
3069	90-kronoloji/2026-05.md	2979
3070	90-kronoloji/2026-05.md	2980
3071	90-kronoloji/2026-05.md	2981
3072	90-kronoloji/2026-05.md	2982
3073	90-kronoloji/2026-05.md	2983
3074	90-kronoloji/2026-05.md	2984
3075	90-kronoloji/2026-05.md	2985
3076	90-kronoloji/2026-05.md	2986
3077	90-kronoloji/2026-05.md	2987
3078	90-kronoloji/2026-05.md	2988
3079	90-kronoloji/2026-05.md	2989
3080	90-kronoloji/2026-05.md	2990
3081	90-kronoloji/2026-05.md	2991
3082	90-kronoloji/2026-05.md	2992
3083	90-kronoloji/2026-05.md	2993
3084	90-kronoloji/2026-05.md	2994
3085	90-kronoloji/2026-05.md	2995
3086	90-kronoloji/2026-05.md	2996
3087	90-kronoloji/2026-05.md	2997
3088	90-kronoloji/2026-05.md	2998
3089	90-kronoloji/2026-05.md	2999
3090	90-kronoloji/2026-05.md	3000
3091	90-kronoloji/2026-05.md	3001
3092	90-kronoloji/2026-05.md	3002
3093	90-kronoloji/2026-05.md	3003
3094	90-kronoloji/2026-05.md	3004
3095	90-kronoloji/2026-05.md	3005
3096	90-kronoloji/2026-05.md	3006
3097	90-kronoloji/2026-05.md	3007
3098	90-kronoloji/2026-05.md	3008
3099	90-kronoloji/2026-05.md	3009
3100	90-kronoloji/2026-05.md	3010
3101	90-kronoloji/2026-05.md	3011
3102	90-kronoloji/2026-05.md	3012
3103	90-kronoloji/2026-05.md	3013
3104	90-kronoloji/2026-05.md	3014
3105	90-kronoloji/2026-05.md	3015
3106	90-kronoloji/2026-05.md	3016
3107	90-kronoloji/2026-05.md	3017
3108	90-kronoloji/2026-05.md	3018
3109	90-kronoloji/2026-05.md	3019
3110	90-kronoloji/2026-05.md	3020
3111	90-kronoloji/2026-05.md	3021
3112	90-kronoloji/2026-05.md	3022
3113	90-kronoloji/2026-05.md	3023
3114	90-kronoloji/2026-05.md	3024
3115	90-kronoloji/2026-05.md	3025
3116	90-kronoloji/2026-05.md	3026
3117	90-kronoloji/2026-05.md	3027
3118	90-kronoloji/2026-05.md	3028
3119	90-kronoloji/2026-05.md	3029
3120	90-kronoloji/2026-05.md	3030
3121	90-kronoloji/2026-05.md	3031
3122	90-kronoloji/2026-05.md	3032
3123	90-kronoloji/2026-05.md	3033
3124	90-kronoloji/2026-05.md	3034
3125	90-kronoloji/2026-05.md	3035
3126	90-kronoloji/2026-05.md	3036
3127	90-kronoloji/2026-05.md	3037
3128	90-kronoloji/2026-05.md	3038
3129	90-kronoloji/2026-05.md	3039
3130	90-kronoloji/2026-05.md	3040
3131	90-kronoloji/2026-05.md	3041
3132	90-kronoloji/2026-05.md	3042
3133	90-kronoloji/2026-05.md	3043
3134	90-kronoloji/2026-05.md	3044
3135	90-kronoloji/2026-05.md	3045
3136	90-kronoloji/2026-05.md	3046
3137	90-kronoloji/2026-05.md	3047
3138	90-kronoloji/2026-05.md	3048
3139	90-kronoloji/2026-05.md	3049
3140	90-kronoloji/2026-05.md	3050
3141	90-kronoloji/2026-05.md	3051
3142	90-kronoloji/2026-05.md	3052
3143	90-kronoloji/2026-05.md	3053
3144	90-kronoloji/2026-05.md	3054
3145	90-kronoloji/2026-05.md	3055
3146	90-kronoloji/2026-05.md	3056
3147	90-kronoloji/2026-05.md	3057
3148	90-kronoloji/2026-05.md	3058
3149	90-kronoloji/2026-05.md	3059
3150	90-kronoloji/2026-05.md	3060
3151	90-kronoloji/2026-05.md	3061
3152	90-kronoloji/2026-05.md	3062
3153	90-kronoloji/2026-05.md	3063
3154	90-kronoloji/2026-05.md	3064
3155	90-kronoloji/2026-05.md	3065
3156	90-kronoloji/2026-05.md	3066
3157	90-kronoloji/2026-05.md	3067
3158	90-kronoloji/2026-05.md	3068
3159	90-kronoloji/2026-05.md	3069
3160	90-kronoloji/2026-05.md	3070
3161	90-kronoloji/2026-05.md	3071
3162	90-kronoloji/2026-05.md	3072
3163	90-kronoloji/2026-05.md	3073
3164	90-kronoloji/2026-05.md	3074
3165	90-kronoloji/2026-05.md	3075
3166	90-kronoloji/2026-05.md	3076
3167	90-kronoloji/2026-05.md	3077
3168	90-kronoloji/2026-05.md	3078
3169	90-kronoloji/2026-05.md	3079
3170	90-kronoloji/2026-05.md	3080
3171	90-kronoloji/2026-05.md	3081
3172	90-kronoloji/2026-05.md	3082
3173	90-kronoloji/2026-05.md	3083
3174	90-kronoloji/2026-05.md	3084
3175	90-kronoloji/2026-05.md	3085
3176	90-kronoloji/2026-05.md	3086
3177	90-kronoloji/2026-05.md	3087
3178	90-kronoloji/2026-05.md	3088
3179	90-kronoloji/2026-05.md	3089
3180	90-kronoloji/2026-05.md	3090
3181	90-kronoloji/2026-05.md	3091
3182	90-kronoloji/2026-05.md	3092
3183	90-kronoloji/2026-05.md	3093
3184	90-kronoloji/2026-05.md	3094
3185	90-kronoloji/2026-05.md	3095
3186	90-kronoloji/2026-05.md	3096
3187	90-kronoloji/2026-05.md	3097
3188	90-kronoloji/2026-05.md	3098
3189	90-kronoloji/2026-05.md	3099
3190	90-kronoloji/2026-05.md	3100
3191	90-kronoloji/2026-05.md	3101
3192	90-kronoloji/2026-05.md	3102
3193	90-kronoloji/2026-05.md	3103
3194	90-kronoloji/2026-05.md	3104
3195	90-kronoloji/2026-05.md	3105
3196	90-kronoloji/2026-05.md	3106
3197	90-kronoloji/2026-05.md	3107
3198	90-kronoloji/2026-05.md	3108
3199	90-kronoloji/2026-05.md	3109
3200	90-kronoloji/2026-05.md	3110
3201	90-kronoloji/2026-05.md	3111
3202	90-kronoloji/2026-05.md	3112
3203	90-kronoloji/2026-05.md	3113
3204	90-kronoloji/2026-05.md	3114
3205	90-kronoloji/2026-05.md	3115
3206	90-kronoloji/2026-05.md	3116
3207	90-kronoloji/2026-05.md	3117
3208	90-kronoloji/2026-05.md	3118
3209	90-kronoloji/2026-05.md	3119
3210	90-kronoloji/2026-05.md	3120
3211	90-kronoloji/2026-05.md	3121
3212	90-kronoloji/2026-05.md	3122
3213	90-kronoloji/2026-05.md	3123
3214	90-kronoloji/2026-05.md	3124
3215	90-kronoloji/2026-05.md	3125
3216	90-kronoloji/2026-05.md	3126
3217	90-kronoloji/2026-05.md	3127
3218	90-kronoloji/2026-05.md	3128
3219	90-kronoloji/2026-05.md	3129
3220	90-kronoloji/2026-05.md	3130
3221	90-kronoloji/2026-05.md	3131
3222	90-kronoloji/2026-05.md	3132
3223	90-kronoloji/2026-05.md	3133
3224	90-kronoloji/2026-05.md	3134
3225	90-kronoloji/2026-05.md	3135
3226	90-kronoloji/2026-05.md	3136
3227	90-kronoloji/2026-05.md	3137
3228	90-kronoloji/2026-05.md	3138
3229	90-kronoloji/2026-05.md	3139
3230	90-kronoloji/2026-05.md	3140
3231	90-kronoloji/2026-05.md	3141
3232	90-kronoloji/2026-05.md	3142
3233	90-kronoloji/2026-05.md	3143
3234	90-kronoloji/2026-05.md	3144
3235	90-kronoloji/2026-05.md	3145
3236	90-kronoloji/2026-05.md	3146
3237	90-kronoloji/2026-05.md	3147
3238	90-kronoloji/2026-05.md	3148
3239	90-kronoloji/2026-05.md	3149
3240	90-kronoloji/2026-05.md	3150
3241	90-kronoloji/2026-05.md	3151
3242	90-kronoloji/2026-05.md	3152
3243	90-kronoloji/2026-05.md	3153
3244	90-kronoloji/2026-05.md	3154
3245	90-kronoloji/2026-05.md	3155
3246	90-kronoloji/2026-05.md	3156
3247	90-kronoloji/2026-05.md	3157
3248	90-kronoloji/2026-05.md	3158
3249	90-kronoloji/2026-05.md	3159
3250	90-kronoloji/2026-05.md	3160
3251	90-kronoloji/2026-05.md	3161
3252	90-kronoloji/2026-05.md	3162
3253	90-kronoloji/2026-05.md	3163
3254	90-kronoloji/2026-05.md	3164
3255	90-kronoloji/2026-05.md	3165
3256	90-kronoloji/2026-05.md	3166
3257	90-kronoloji/2026-05.md	3167
3258	90-kronoloji/2026-05.md	3168
3259	90-kronoloji/2026-05.md	3169
3260	90-kronoloji/2026-05.md	3170
3261	90-kronoloji/2026-05.md	3171
3262	90-kronoloji/2026-05.md	3172
3263	90-kronoloji/2026-05.md	3173
3264	90-kronoloji/2026-05.md	3174
3265	90-kronoloji/2026-05.md	3175
3266	90-kronoloji/2026-05.md	3176
3267	90-kronoloji/2026-05.md	3177
3268	90-kronoloji/2026-05.md	3178
3269	90-kronoloji/2026-05.md	3179
3270	90-kronoloji/2026-05.md	3180
3271	90-kronoloji/2026-05.md	3181
3272	90-kronoloji/2026-05.md	3182
3273	90-kronoloji/2026-05.md	3183
3274	90-kronoloji/2026-05.md	3184
3275	90-kronoloji/2026-05.md	3185
3276	90-kronoloji/2026-05.md	3186
3277	90-kronoloji/2026-05.md	3187
3278	90-kronoloji/2026-05.md	3188
3279	90-kronoloji/2026-05.md	3189
3280	90-kronoloji/2026-05.md	3190
3281	90-kronoloji/2026-05.md	3191
3282	90-kronoloji/2026-05.md	3192
3283	90-kronoloji/2026-05.md	3193
3284	90-kronoloji/2026-05.md	3194
3285	90-kronoloji/2026-05.md	3195
3286	90-kronoloji/2026-05.md	3196
3287	90-kronoloji/2026-05.md	3197
3288	90-kronoloji/2026-05.md	3198
3289	90-kronoloji/2026-05.md	3199
3290	90-kronoloji/2026-05.md	3200
3291	90-kronoloji/2026-05.md	3201
3292	90-kronoloji/2026-05.md	3202
3293	90-kronoloji/2026-05.md	3203
3294	90-kronoloji/2026-05.md	3204
3295	90-kronoloji/2026-05.md	3205
3296	90-kronoloji/2026-05.md	3206
3297	90-kronoloji/2026-05.md	3207
3298	90-kronoloji/2026-05.md	3208
3299	90-kronoloji/2026-05.md	3209
3300	90-kronoloji/2026-05.md	3210
3301	90-kronoloji/2026-05.md	3211
3302	90-kronoloji/2026-05.md	3212
3303	90-kronoloji/2026-05.md	3213
3304	90-kronoloji/2026-05.md	3214
3305	90-kronoloji/2026-05.md	3215
3306	90-kronoloji/2026-05.md	3216
3307	90-kronoloji/2026-05.md	3217
3308	90-kronoloji/2026-05.md	3218
3309	90-kronoloji/2026-05.md	3219
3310	90-kronoloji/2026-05.md	3220
3311	90-kronoloji/2026-05.md	3221
3312	90-kronoloji/2026-05.md	3222
3313	90-kronoloji/2026-05.md	3223
3314	90-kronoloji/2026-05.md	3224
3315	90-kronoloji/2026-05.md	3225
3316	90-kronoloji/2026-05.md	3226
3317	90-kronoloji/2026-05.md	3227
3318	90-kronoloji/2026-05.md	3228
3319	90-kronoloji/2026-05.md	3229
3320	90-kronoloji/2026-05.md	3230
3321	90-kronoloji/2026-05.md	3231
3322	90-kronoloji/2026-05.md	3232
3323	90-kronoloji/2026-05.md	3233
3324	90-kronoloji/2026-05.md	3234
3325	90-kronoloji/2026-05.md	3235
3326	90-kronoloji/2026-05.md	3236
3327	90-kronoloji/2026-05.md	3237
3328	90-kronoloji/2026-05.md	3238
3329	90-kronoloji/2026-05.md	3239
3330	90-kronoloji/2026-05.md	3240
3331	90-kronoloji/2026-05.md	3241
3332	90-kronoloji/2026-05.md	3242
3333	90-kronoloji/2026-05.md	3243
3334	90-kronoloji/2026-05.md	3244
3335	90-kronoloji/2026-05.md	3245
3336	90-kronoloji/2026-05.md	3246
3337	90-kronoloji/2026-05.md	3247
3338	90-kronoloji/2026-05.md	3248
3339	90-kronoloji/2026-05.md	3249
3340	90-kronoloji/2026-05.md	3250
3341	90-kronoloji/2026-05.md	3251
3342	90-kronoloji/2026-05.md	3252
3343	90-kronoloji/2026-05.md	3253
3344	90-kronoloji/2026-05.md	3254
3345	90-kronoloji/2026-05.md	3255
3346	90-kronoloji/2026-05.md	3256
3347	90-kronoloji/2026-05.md	3257
3348	90-kronoloji/2026-05.md	3258
3349	90-kronoloji/2026-05.md	3259
3350	90-kronoloji/2026-05.md	3260
3351	90-kronoloji/2026-05.md	3261
3352	90-kronoloji/2026-05.md	3262
3353	90-kronoloji/2026-05.md	3263
3354	90-kronoloji/2026-05.md	3264
3355	90-kronoloji/2026-05.md	3265
3356	90-kronoloji/2026-05.md	3266
3357	90-kronoloji/2026-05.md	3267
3358	90-kronoloji/2026-05.md	3268
3359	90-kronoloji/2026-05.md	3269
3360	90-kronoloji/2026-05.md	3270
3361	90-kronoloji/2026-05.md	3271
3362	90-kronoloji/2026-05.md	3272
3363	90-kronoloji/2026-05.md	3273
3364	90-kronoloji/2026-05.md	3274
3365	90-kronoloji/2026-05.md	3275
3366	90-kronoloji/2026-05.md	3276
3367	90-kronoloji/2026-05.md	3277
3368	90-kronoloji/2026-05.md	3278
3369	90-kronoloji/2026-05.md	3279
3370	90-kronoloji/2026-05.md	3280
3371	90-kronoloji/2026-05.md	3281
3372	90-kronoloji/2026-05.md	3282
3373	90-kronoloji/2026-05.md	3283
3374	90-kronoloji/2026-05.md	3284
3375	90-kronoloji/2026-05.md	3285
3376	90-kronoloji/2026-05.md	3286
3377	90-kronoloji/2026-05.md	3287
3378	90-kronoloji/2026-05.md	3288
3379	90-kronoloji/2026-05.md	3289
3380	90-kronoloji/2026-05.md	3290
3381	90-kronoloji/2026-05.md	3291
3382	90-kronoloji/2026-05.md	3292
3383	90-kronoloji/2026-05.md	3293
3384	90-kronoloji/2026-05.md	3294
3385	90-kronoloji/2026-05.md	3295
3386	90-kronoloji/2026-05.md	3296
3387	90-kronoloji/2026-05.md	3297
3388	90-kronoloji/2026-05.md	3298
3389	90-kronoloji/2026-05.md	3299
3390	90-kronoloji/2026-05.md	3300
3391	90-kronoloji/2026-05.md	3301
3392	90-kronoloji/2026-05.md	3302
3393	90-kronoloji/2026-05.md	3303
3394	90-kronoloji/2026-05.md	3304
3395	90-kronoloji/2026-05.md	3305
3396	90-kronoloji/2026-05.md	3306
3397	90-kronoloji/2026-05.md	3307
3398	90-kronoloji/2026-05.md	3308
3399	90-kronoloji/2026-05.md	3309
3400	90-kronoloji/2026-05.md	3310
3401	90-kronoloji/2026-05.md	3311
3402	90-kronoloji/2026-05.md	3312
3403	90-kronoloji/2026-05.md	3313
3404	90-kronoloji/2026-05.md	3314
3405	90-kronoloji/2026-05.md	3315
3406	90-kronoloji/2026-05.md	3316
3407	90-kronoloji/2026-05.md	3317
3408	90-kronoloji/2026-05.md	3318
3409	90-kronoloji/2026-05.md	3319
3410	90-kronoloji/2026-05.md	3320
3411	90-kronoloji/2026-05.md	3321
3412	90-kronoloji/2026-05.md	3322
3413	90-kronoloji/2026-05.md	3323
3414	90-kronoloji/2026-05.md	3324
3415	90-kronoloji/2026-05.md	3325
3416	90-kronoloji/2026-05.md	3326
3417	90-kronoloji/2026-05.md	3327
3418	90-kronoloji/2026-05.md	3328
3419	90-kronoloji/2026-05.md	3329
3420	90-kronoloji/2026-05.md	3330
3421	90-kronoloji/2026-05.md	3331
3422	90-kronoloji/2026-05.md	3332
3423	90-kronoloji/2026-05.md	3333
3424	90-kronoloji/2026-05.md	3334
3425	90-kronoloji/2026-05.md	3335
3426	90-kronoloji/2026-05.md	3336
3427	90-kronoloji/2026-05.md	3337
3428	90-kronoloji/2026-05.md	3338
3429	90-kronoloji/2026-05.md	3339
3430	90-kronoloji/2026-05.md	3340
3431	90-kronoloji/2026-05.md	3341
3432	90-kronoloji/2026-05.md	3342
3433	90-kronoloji/2026-05.md	3343
3434	90-kronoloji/2026-05.md	3344
3435	90-kronoloji/2026-05.md	3345
3436	90-kronoloji/2026-05.md	3346
3437	90-kronoloji/2026-05.md	3347
3438	90-kronoloji/2026-05.md	3348
3439	90-kronoloji/2026-05.md	3349
3440	90-kronoloji/2026-05.md	3350
3441	90-kronoloji/2026-05.md	3351
3442	90-kronoloji/2026-05.md	3352
3443	90-kronoloji/2026-05.md	3353
3444	90-kronoloji/2026-05.md	3354
3445	90-kronoloji/2026-05.md	3355
3446	90-kronoloji/2026-05.md	3356
3447	90-kronoloji/2026-05.md	3357
3448	90-kronoloji/2026-05.md	3358
3449	90-kronoloji/2026-05.md	3359
3450	90-kronoloji/2026-05.md	3360
3451	90-kronoloji/2026-05.md	3361
3452	90-kronoloji/2026-05.md	3362
3453	90-kronoloji/2026-05.md	3363
3454	90-kronoloji/2026-05.md	3364
3455	90-kronoloji/2026-05.md	3365
3456	90-kronoloji/2026-05.md	3366
3457	90-kronoloji/2026-05.md	3367
3458	90-kronoloji/2026-05.md	3368
3459	90-kronoloji/2026-05.md	3369
3460	90-kronoloji/2026-05.md	3370
3461	90-kronoloji/2026-05.md	3371
3462	90-kronoloji/2026-05.md	3372
3463	90-kronoloji/2026-05.md	3373
3464	90-kronoloji/2026-05.md	3374
3465	90-kronoloji/2026-05.md	3375
3466	90-kronoloji/2026-05.md	3376
3467	90-kronoloji/2026-05.md	3377
3468	90-kronoloji/2026-05.md	3378
3469	90-kronoloji/2026-05.md	3379
3470	90-kronoloji/2026-05.md	3380
3471	90-kronoloji/2026-05.md	3381
3472	90-kronoloji/2026-05.md	3382
3473	90-kronoloji/2026-05.md	3383
3474	90-kronoloji/2026-05.md	3384
3475	90-kronoloji/2026-05.md	3385
3476	90-kronoloji/2026-05.md	3386
3477	90-kronoloji/2026-05.md	3387
3478	90-kronoloji/2026-05.md	3388
3479	90-kronoloji/2026-05.md	3389
3480	90-kronoloji/2026-05.md	3390
3481	90-kronoloji/2026-05.md	3391
3482	90-kronoloji/2026-05.md	3392
3483	90-kronoloji/2026-05.md	3393
3484	90-kronoloji/2026-05.md	3394
3485	90-kronoloji/2026-05.md	3395
3486	90-kronoloji/2026-05.md	3396
3487	90-kronoloji/2026-05.md	3397
3488	90-kronoloji/2026-05.md	3398
3489	90-kronoloji/2026-05.md	3399
3490	90-kronoloji/2026-05.md	3400
3491	90-kronoloji/2026-05.md	3401
3492	90-kronoloji/2026-05.md	3402
3493	90-kronoloji/2026-05.md	3403
3494	90-kronoloji/2026-05.md	3404
3495	90-kronoloji/2026-05.md	3405
3496	90-kronoloji/2026-05.md	3406
3497	90-kronoloji/2026-05.md	3407
3498	90-kronoloji/2026-05.md	3408
3499	90-kronoloji/2026-05.md	3409
3500	90-kronoloji/2026-05.md	3410
3501	90-kronoloji/2026-05.md	3411
3502	90-kronoloji/2026-05.md	3412
3503	90-kronoloji/2026-05.md	3413
3504	90-kronoloji/2026-05.md	3414
3505	90-kronoloji/2026-05.md	3415
3506	90-kronoloji/2026-05.md	3416
3507	90-kronoloji/2026-05.md	3417
3508	90-kronoloji/2026-05.md	3418
3509	90-kronoloji/2026-05.md	3419
3510	90-kronoloji/2026-05.md	3420
3511	90-kronoloji/2026-05.md	3421
3512	90-kronoloji/2026-05.md	3422
3513	90-kronoloji/2026-05.md	3423
3514	90-kronoloji/2026-05.md	3424
3515	90-kronoloji/2026-05.md	3425
3516	90-kronoloji/2026-05.md	3426
3517	90-kronoloji/2026-05.md	3427
3518	90-kronoloji/2026-05.md	3428
3519	90-kronoloji/2026-05.md	3429
3520	90-kronoloji/2026-05.md	3430
3521	90-kronoloji/2026-05.md	3431
3522	90-kronoloji/2026-05.md	3432
3523	90-kronoloji/2026-05.md	3433
3524	90-kronoloji/2026-05.md	3434
3525	90-kronoloji/2026-05.md	3435
3526	90-kronoloji/2026-05.md	3436
3527	90-kronoloji/2026-05.md	3437
3528	90-kronoloji/2026-05.md	3438
3529	90-kronoloji/2026-05.md	3439
3530	90-kronoloji/2026-05.md	3440
3531	90-kronoloji/2026-05.md	3441
3532	90-kronoloji/2026-05.md	3442
3533	90-kronoloji/2026-05.md	3443
3534	90-kronoloji/2026-05.md	3444
3535	90-kronoloji/2026-05.md	3445
3536	90-kronoloji/2026-05.md	3446
3537	90-kronoloji/2026-05.md	3447
3538	90-kronoloji/2026-05.md	3448
3539	90-kronoloji/2026-05.md	3449
3540	90-kronoloji/2026-05.md	3450
3541	90-kronoloji/2026-05.md	3451
3542	90-kronoloji/2026-05.md	3452
3543	90-kronoloji/2026-05.md	3453
3544	90-kronoloji/2026-05.md	3454
3545	90-kronoloji/2026-05.md	3455
3546	90-kronoloji/2026-05.md	3456
3547	90-kronoloji/2026-05.md	3457
3548	90-kronoloji/2026-05.md	3458
3549	90-kronoloji/2026-05.md	3459
3550	90-kronoloji/2026-05.md	3460
3551	90-kronoloji/2026-05.md	3461
3552	90-kronoloji/2026-05.md	3462
3553	90-kronoloji/2026-05.md	3463
3554	90-kronoloji/2026-05.md	3464
3555	90-kronoloji/2026-05.md	3465
3556	90-kronoloji/2026-05.md	3466
3557	90-kronoloji/2026-05.md	3467
3558	90-kronoloji/2026-05.md	3468
3559	90-kronoloji/2026-05.md	3469
3560	90-kronoloji/2026-05.md	3470
3561	90-kronoloji/2026-05.md	3471
3562	90-kronoloji/2026-05.md	3472
3563	90-kronoloji/2026-05.md	3473
3564	90-kronoloji/2026-05.md	3474
3565	90-kronoloji/2026-05.md	3475
3566	90-kronoloji/2026-05.md	3476
3567	90-kronoloji/2026-05.md	3477
3568	90-kronoloji/2026-05.md	3478
3569	90-kronoloji/2026-05.md	3479
3570	90-kronoloji/2026-05.md	3480
3571	90-kronoloji/2026-05.md	3481
3572	90-kronoloji/2026-05.md	3482
3573	90-kronoloji/2026-05.md	3483
3574	90-kronoloji/2026-05.md	3484
3575	90-kronoloji/2026-05.md	3485
3576	90-kronoloji/2026-05.md	3486
3577	90-kronoloji/2026-05.md	3487
3578	90-kronoloji/2026-05.md	3488
3579	90-kronoloji/2026-05.md	3489
3580	90-kronoloji/2026-05.md	3490
3581	90-kronoloji/2026-05.md	3491
3582	90-kronoloji/2026-05.md	3492
3583	90-kronoloji/2026-05.md	3493
3584	90-kronoloji/2026-05.md	3494
3585	90-kronoloji/2026-05.md	3495
3586	90-kronoloji/2026-05.md	3496
3587	90-kronoloji/2026-05.md	3497
3588	90-kronoloji/2026-05.md	3498
3589	90-kronoloji/2026-05.md	3499
3590	90-kronoloji/2026-05.md	3500
3591	90-kronoloji/2026-05.md	3501
3592	90-kronoloji/2026-05.md	3502
3593	90-kronoloji/2026-05.md	3503
3594	90-kronoloji/2026-05.md	3504
3595	90-kronoloji/2026-05.md	3505
3596	90-kronoloji/2026-05.md	3506
3597	90-kronoloji/2026-05.md	3507
3598	90-kronoloji/2026-05.md	3508
3599	90-kronoloji/2026-05.md	3509
3600	90-kronoloji/2026-05.md	3510
3601	90-kronoloji/2026-05.md	3511
3602	90-kronoloji/2026-05.md	3512
3603	90-kronoloji/2026-05.md	3513
3604	90-kronoloji/2026-05.md	3514
3605	90-kronoloji/2026-05.md	3515
3606	90-kronoloji/2026-05.md	3516
3607	90-kronoloji/2026-05.md	3517
3608	90-kronoloji/2026-05.md	3518
3609	90-kronoloji/2026-05.md	3519
3610	90-kronoloji/2026-05.md	3520
3611	90-kronoloji/2026-05.md	3521
3612	90-kronoloji/2026-05.md	3522
3613	90-kronoloji/2026-05.md	3523
3614	90-kronoloji/2026-05.md	3524
3615	90-kronoloji/2026-05.md	3525
3616	90-kronoloji/2026-05.md	3526
3617	90-kronoloji/2026-05.md	3527
3618	90-kronoloji/2026-05.md	3528
3619	90-kronoloji/2026-05.md	3529
3620	90-kronoloji/2026-05.md	3530
3621	90-kronoloji/2026-05.md	3531
3622	90-kronoloji/2026-05.md	3532
3623	90-kronoloji/2026-05.md	3533
3624	90-kronoloji/2026-05.md	3534
3625	90-kronoloji/2026-05.md	3535
3626	90-kronoloji/2026-05.md	3536
3627	90-kronoloji/2026-05.md	3537
3628	90-kronoloji/2026-05.md	3538
3629	90-kronoloji/2026-05.md	3539
3630	90-kronoloji/2026-05.md	3540
3631	90-kronoloji/2026-05.md	3541
3632	90-kronoloji/2026-05.md	3542
3633	90-kronoloji/2026-05.md	3543
3634	90-kronoloji/2026-05.md	3544
3635	90-kronoloji/2026-05.md	3545
3636	90-kronoloji/2026-05.md	3546
3637	90-kronoloji/2026-05.md	3547
3638	90-kronoloji/2026-05.md	3548
3639	90-kronoloji/2026-05.md	3549
3640	90-kronoloji/2026-05.md	3550
3641	90-kronoloji/2026-05.md	3551
3642	90-kronoloji/2026-05.md	3552
3643	90-kronoloji/2026-05.md	3553
3644	90-kronoloji/2026-05.md	3554
3645	90-kronoloji/2026-05.md	3555
3646	90-kronoloji/2026-05.md	3556
3647	90-kronoloji/2026-05.md	3557
3648	90-kronoloji/2026-05.md	3558
3649	90-kronoloji/2026-05.md	3559
3650	90-kronoloji/2026-05.md	3560
3651	90-kronoloji/2026-05.md	3561
3652	90-kronoloji/2026-05.md	3562
3653	90-kronoloji/2026-05.md	3563
3654	90-kronoloji/2026-05.md	3564
3655	90-kronoloji/2026-05.md	3565
3656	90-kronoloji/2026-05.md	3566
3657	90-kronoloji/2026-05.md	3567
3658	90-kronoloji/2026-05.md	3568
3659	90-kronoloji/2026-05.md	3569
3660	90-kronoloji/2026-05.md	3570
3661	90-kronoloji/2026-05.md	3571
3662	90-kronoloji/2026-05.md	3572
3663	90-kronoloji/2026-05.md	3573
3664	90-kronoloji/2026-05.md	3574
3665	90-kronoloji/2026-05.md	3575
3666	90-kronoloji/2026-05.md	3576
3667	90-kronoloji/2026-05.md	3577
3668	90-kronoloji/2026-05.md	3578
3669	90-kronoloji/2026-05.md	3579
3670	90-kronoloji/2026-05.md	3580
3671	90-kronoloji/2026-06.md	46
3672	90-kronoloji/2026-06.md	47
3673	90-kronoloji/2026-06.md	48
3674	90-kronoloji/2026-06.md	49
3675	90-kronoloji/2026-06.md	50
3676	90-kronoloji/2026-06.md	51
3677	90-kronoloji/2026-06.md	52
3678	90-kronoloji/2026-06.md	53
3679	90-kronoloji/2026-06.md	54
3680	90-kronoloji/2026-06.md	55
3681	90-kronoloji/2026-06.md	56
3682	90-kronoloji/2026-06.md	57
3683	90-kronoloji/2026-06.md	58
3684	90-kronoloji/2026-06.md	59
3685	90-kronoloji/2026-06.md	60
3686	90-kronoloji/2026-06.md	61
3687	90-kronoloji/2026-06.md	62
3688	90-kronoloji/2026-06.md	63
3689	90-kronoloji/2026-06.md	64
3690	90-kronoloji/2026-06.md	65
3691	90-kronoloji/2026-06.md	66
3692	90-kronoloji/2026-06.md	67
3693	90-kronoloji/2026-06.md	68
3694	90-kronoloji/2026-06.md	69
3695	90-kronoloji/2026-06.md	70
3696	90-kronoloji/2026-06.md	71
3697	90-kronoloji/2026-06.md	72
3698	90-kronoloji/2026-06.md	73
3699	90-kronoloji/2026-06.md	74
3700	90-kronoloji/2026-06.md	75
3701	90-kronoloji/2026-06.md	76
3702	90-kronoloji/2026-06.md	77
3703	90-kronoloji/2026-06.md	78
3704	90-kronoloji/2026-06.md	79
3705	90-kronoloji/2026-06.md	80
3706	90-kronoloji/2026-06.md	81
3707	90-kronoloji/2026-06.md	82
3708	90-kronoloji/2026-06.md	83
3709	90-kronoloji/2026-06.md	84
3710	90-kronoloji/2026-06.md	85
3711	90-kronoloji/2026-06.md	86
3712	90-kronoloji/2026-06.md	87
3713	90-kronoloji/2026-06.md	88
3714	90-kronoloji/2026-06.md	89
3715	90-kronoloji/2026-06.md	90
3716	90-kronoloji/2026-06.md	91
3717	90-kronoloji/2026-06.md	92
3718	90-kronoloji/2026-06.md	93
3719	90-kronoloji/2026-06.md	94
3720	90-kronoloji/2026-06.md	95
3721	90-kronoloji/2026-06.md	96
3722	90-kronoloji/2026-06.md	97
3723	90-kronoloji/2026-06.md	98
3724	90-kronoloji/2026-06.md	99
3725	90-kronoloji/2026-06.md	100
3726	90-kronoloji/2026-06.md	101
3727	90-kronoloji/2026-06.md	102
3728	90-kronoloji/2026-06.md	103
3729	90-kronoloji/2026-06.md	104
3730	90-kronoloji/2026-06.md	105
3731	90-kronoloji/2026-06.md	106
3732	90-kronoloji/2026-06.md	107
3733	90-kronoloji/2026-06.md	108
3734	90-kronoloji/2026-06.md	109
3735	90-kronoloji/2026-06.md	110
3736	90-kronoloji/2026-06.md	111
3737	90-kronoloji/2026-06.md	112
3738	90-kronoloji/2026-06.md	113
3739	90-kronoloji/2026-06.md	114
3740	90-kronoloji/2026-06.md	115
3741	90-kronoloji/2026-06.md	116
3742	90-kronoloji/2026-06.md	117
3743	90-kronoloji/2026-06.md	118
3744	90-kronoloji/2026-06.md	119
3745	90-kronoloji/2026-06.md	120
3746	90-kronoloji/2026-06.md	121
3747	90-kronoloji/2026-06.md	122
3748	90-kronoloji/2026-06.md	123
3749	90-kronoloji/2026-06.md	124
3750	90-kronoloji/2026-06.md	125
3751	90-kronoloji/2026-06.md	126
3752	90-kronoloji/2026-06.md	127
3753	90-kronoloji/2026-06.md	128
3754	90-kronoloji/2026-06.md	129
3755	90-kronoloji/2026-06.md	130
3756	90-kronoloji/2026-06.md	131
3757	90-kronoloji/2026-06.md	132
3758	90-kronoloji/2026-06.md	133
3759	90-kronoloji/2026-06.md	134
3760	90-kronoloji/2026-06.md	135
3761	90-kronoloji/2026-06.md	136
3762	90-kronoloji/2026-06.md	137
3763	90-kronoloji/2026-06.md	138
3764	90-kronoloji/2026-06.md	139
3765	90-kronoloji/2026-06.md	140
3766	90-kronoloji/2026-06.md	141
3767	90-kronoloji/2026-06.md	142
3768	90-kronoloji/2026-06.md	143
3769	90-kronoloji/2026-06.md	144
3770	90-kronoloji/2026-06.md	145
3771	90-kronoloji/2026-06.md	146
3772	90-kronoloji/2026-06.md	147
3773	90-kronoloji/2026-06.md	148
3774	90-kronoloji/2026-06.md	149
3775	90-kronoloji/2026-06.md	150
3776	90-kronoloji/2026-06.md	151
3777	90-kronoloji/2026-06.md	152
3778	90-kronoloji/2026-06.md	153
3779	90-kronoloji/2026-06.md	154
3780	90-kronoloji/2026-06.md	155
3781	90-kronoloji/2026-06.md	156
3782	90-kronoloji/2026-06.md	157
3783	90-kronoloji/2026-06.md	158
3784	90-kronoloji/2026-06.md	159
3785	90-kronoloji/2026-06.md	160
3786	90-kronoloji/2026-06.md	161
3787	90-kronoloji/2026-06.md	162
3788	90-kronoloji/2026-06.md	163
3789	90-kronoloji/2026-06.md	164
3790	90-kronoloji/2026-06.md	165
3791	90-kronoloji/2026-06.md	166
3792	90-kronoloji/2026-06.md	167
3793	90-kronoloji/2026-06.md	168
3794	90-kronoloji/2026-06.md	169
3795	90-kronoloji/2026-06.md	170
3796	90-kronoloji/2026-06.md	171
3797	90-kronoloji/2026-06.md	172
3798	90-kronoloji/2026-06.md	173
3799	90-kronoloji/2026-06.md	174
3800	90-kronoloji/2026-06.md	175
3801	90-kronoloji/2026-06.md	176
3802	90-kronoloji/2026-06.md	177
3803	90-kronoloji/2026-06.md	178
3804	90-kronoloji/2026-06.md	179
3805	90-kronoloji/2026-06.md	180
3806	90-kronoloji/2026-06.md	181
3807	90-kronoloji/2026-06.md	182
3808	90-kronoloji/2026-06.md	183
3809	90-kronoloji/2026-06.md	184
3810	90-kronoloji/2026-06.md	185
3811	90-kronoloji/2026-06.md	186
3812	90-kronoloji/2026-06.md	187
3813	90-kronoloji/2026-06.md	188
3814	90-kronoloji/2026-06.md	189
3815	90-kronoloji/2026-06.md	190
3816	90-kronoloji/2026-06.md	191
3817	90-kronoloji/2026-06.md	192
3818	90-kronoloji/2026-06.md	193
3819	90-kronoloji/2026-06.md	194
3820	90-kronoloji/2026-06.md	195
3821	90-kronoloji/2026-06.md	196
3822	90-kronoloji/2026-06.md	197
3823	90-kronoloji/2026-06.md	198
3824	90-kronoloji/2026-06.md	199
3825	90-kronoloji/2026-06.md	200
3826	90-kronoloji/2026-06.md	201
3827	90-kronoloji/2026-06.md	202
3828	90-kronoloji/2026-06.md	203
3829	90-kronoloji/2026-06.md	204
3830	90-kronoloji/2026-06.md	205
3831	90-kronoloji/2026-06.md	206
3832	90-kronoloji/2026-06.md	207
3833	90-kronoloji/2026-06.md	208
3834	90-kronoloji/2026-06.md	209
3835	90-kronoloji/2026-06.md	210
3836	90-kronoloji/2026-06.md	211
3837	90-kronoloji/2026-06.md	212
3838	90-kronoloji/2026-06.md	213
3839	90-kronoloji/2026-06.md	214
3840	90-kronoloji/2026-06.md	215
3841	90-kronoloji/2026-06.md	216
3842	90-kronoloji/2026-06.md	217
3843	90-kronoloji/2026-06.md	218
3844	90-kronoloji/2026-06.md	219
3845	90-kronoloji/2026-06.md	220
3846	90-kronoloji/2026-06.md	221
3847	90-kronoloji/2026-06.md	222
3848	90-kronoloji/2026-06.md	223
3849	90-kronoloji/2026-06.md	224
3850	90-kronoloji/2026-06.md	225
3851	90-kronoloji/2026-06.md	226
3852	90-kronoloji/2026-06.md	227
3853	90-kronoloji/2026-06.md	228
3854	90-kronoloji/2026-06.md	229
3855	90-kronoloji/2026-06.md	230
3856	90-kronoloji/2026-06.md	231
3857	90-kronoloji/2026-06.md	232
3858	90-kronoloji/2026-06.md	233
3859	90-kronoloji/2026-06.md	234
3860	90-kronoloji/2026-06.md	235
3861	90-kronoloji/2026-06.md	236
3862	90-kronoloji/2026-06.md	237
3863	90-kronoloji/2026-06.md	238
3864	90-kronoloji/2026-06.md	239
3865	90-kronoloji/2026-06.md	240
3866	90-kronoloji/2026-06.md	241
3867	90-kronoloji/2026-06.md	242
3868	90-kronoloji/2026-06.md	243
3869	90-kronoloji/2026-06.md	244
3870	90-kronoloji/2026-06.md	245
3871	90-kronoloji/2026-06.md	246
3872	90-kronoloji/2026-06.md	247
3873	90-kronoloji/2026-06.md	248
3874	90-kronoloji/2026-06.md	249
3875	90-kronoloji/2026-06.md	250
3876	90-kronoloji/2026-06.md	251
3877	90-kronoloji/2026-06.md	252
3878	90-kronoloji/2026-06.md	253
3879	90-kronoloji/2026-06.md	254
3880	90-kronoloji/2026-06.md	255
3881	90-kronoloji/2026-06.md	256
3882	90-kronoloji/2026-06.md	257
3883	90-kronoloji/2026-06.md	258
3884	90-kronoloji/2026-06.md	259
3885	90-kronoloji/2026-06.md	260
3886	90-kronoloji/2026-06.md	261
3887	90-kronoloji/2026-06.md	262
3888	90-kronoloji/2026-06.md	263
3889	90-kronoloji/2026-06.md	264
3890	90-kronoloji/2026-06.md	265
3891	90-kronoloji/2026-06.md	266
3892	90-kronoloji/2026-06.md	267
3893	90-kronoloji/2026-06.md	268
3894	90-kronoloji/2026-06.md	269
3895	90-kronoloji/2026-06.md	270
3896	90-kronoloji/2026-06.md	271
3897	90-kronoloji/2026-06.md	272
3898	90-kronoloji/2026-06.md	273
3899	90-kronoloji/2026-06.md	274
3900	90-kronoloji/2026-06.md	275
3901	90-kronoloji/2026-06.md	276
3902	90-kronoloji/2026-06.md	277
3903	90-kronoloji/2026-06.md	278
3904	90-kronoloji/2026-06.md	279
3905	90-kronoloji/2026-06.md	280
3906	90-kronoloji/2026-06.md	281
3907	90-kronoloji/2026-06.md	282
3908	90-kronoloji/2026-06.md	283
3909	90-kronoloji/2026-06.md	284
3910	90-kronoloji/2026-06.md	285
3911	90-kronoloji/2026-06.md	286
3912	90-kronoloji/2026-06.md	287
3913	90-kronoloji/2026-06.md	288
3914	90-kronoloji/2026-06.md	289
3915	90-kronoloji/2026-06.md	290
3916	90-kronoloji/2026-06.md	291
3917	90-kronoloji/2026-06.md	292
3918	90-kronoloji/2026-06.md	293
3919	90-kronoloji/2026-06.md	294
3920	90-kronoloji/2026-06.md	295
3921	90-kronoloji/2026-06.md	296
3922	90-kronoloji/2026-06.md	297
3923	90-kronoloji/2026-06.md	298
3924	90-kronoloji/2026-06.md	299
3925	90-kronoloji/2026-06.md	300
3926	90-kronoloji/2026-06.md	301
3927	90-kronoloji/2026-06.md	302
3928	90-kronoloji/2026-06.md	303
3929	90-kronoloji/2026-06.md	304
3930	90-kronoloji/2026-06.md	305
3931	90-kronoloji/2026-06.md	306
3932	90-kronoloji/2026-06.md	307
3933	90-kronoloji/2026-06.md	308
3934	90-kronoloji/2026-06.md	309
3935	90-kronoloji/2026-06.md	310
3936	90-kronoloji/2026-06.md	311
3937	90-kronoloji/2026-06.md	312
3938	90-kronoloji/2026-06.md	313
3939	90-kronoloji/2026-06.md	314
3940	90-kronoloji/2026-06.md	315
3941	90-kronoloji/2026-06.md	316
3942	90-kronoloji/2026-06.md	317
3943	90-kronoloji/2026-06.md	318
3944	90-kronoloji/2026-06.md	319
3945	90-kronoloji/2026-06.md	320
3946	90-kronoloji/2026-06.md	321
3947	90-kronoloji/2026-06.md	322
3948	90-kronoloji/2026-06.md	323
3949	90-kronoloji/2026-06.md	324
3950	90-kronoloji/2026-06.md	325
3951	90-kronoloji/2026-06.md	326
3952	90-kronoloji/2026-06.md	327
3953	90-kronoloji/2026-06.md	328
3954	90-kronoloji/2026-06.md	329
3955	90-kronoloji/2026-06.md	330
3956	90-kronoloji/2026-06.md	331
3957	90-kronoloji/2026-06.md	332
3958	90-kronoloji/2026-06.md	333
3959	90-kronoloji/2026-06.md	334
3960	90-kronoloji/2026-06.md	335
3961	90-kronoloji/2026-06.md	336
3962	90-kronoloji/2026-06.md	337
3963	90-kronoloji/2026-06.md	338
3964	90-kronoloji/2026-06.md	339
3965	90-kronoloji/2026-06.md	340
3966	90-kronoloji/2026-06.md	341
3967	90-kronoloji/2026-06.md	342
3968	90-kronoloji/2026-06.md	343
3969	90-kronoloji/2026-06.md	344
3970	90-kronoloji/2026-06.md	345
3971	90-kronoloji/2026-06.md	346
3972	90-kronoloji/2026-06.md	347
3973	90-kronoloji/2026-06.md	348
3974	90-kronoloji/2026-06.md	349
3975	90-kronoloji/2026-06.md	350
3976	90-kronoloji/2026-06.md	351
3977	90-kronoloji/2026-06.md	352
3978	90-kronoloji/2026-06.md	353
3979	90-kronoloji/2026-06.md	354
3980	90-kronoloji/2026-06.md	355
3981	90-kronoloji/2026-06.md	356
3982	90-kronoloji/2026-06.md	357
3983	90-kronoloji/2026-06.md	358
3984	90-kronoloji/2026-06.md	359
3985	90-kronoloji/2026-06.md	360
3986	90-kronoloji/2026-06.md	361
3987	90-kronoloji/2026-06.md	362
3988	90-kronoloji/2026-06.md	363
3989	90-kronoloji/2026-06.md	364
3990	90-kronoloji/2026-06.md	365
3991	90-kronoloji/2026-06.md	366
3992	90-kronoloji/2026-06.md	367
3993	90-kronoloji/2026-06.md	368
3994	90-kronoloji/2026-06.md	369
3995	90-kronoloji/2026-06.md	370
3996	90-kronoloji/2026-06.md	371
3997	90-kronoloji/2026-06.md	372
3998	90-kronoloji/2026-06.md	373
3999	90-kronoloji/2026-06.md	374
4000	90-kronoloji/2026-06.md	375
4001	90-kronoloji/2026-06.md	376
4002	90-kronoloji/2026-06.md	377
4003	90-kronoloji/2026-06.md	378
4004	90-kronoloji/2026-06.md	379
4005	90-kronoloji/2026-06.md	380
4006	90-kronoloji/2026-06.md	381
4007	90-kronoloji/2026-06.md	382
4008	90-kronoloji/2026-06.md	383
4009	90-kronoloji/2026-06.md	384
4010	90-kronoloji/2026-06.md	385
4011	90-kronoloji/2026-06.md	386
4012	90-kronoloji/2026-06.md	387
4013	90-kronoloji/2026-06.md	388
4014	90-kronoloji/2026-06.md	389
4015	90-kronoloji/2026-06.md	390
4016	90-kronoloji/2026-06.md	391
4017	90-kronoloji/2026-06.md	392
4018	90-kronoloji/2026-06.md	393
4019	90-kronoloji/2026-06.md	394
4020	90-kronoloji/2026-06.md	395
4021	90-kronoloji/2026-06.md	396
4022	90-kronoloji/2026-06.md	397
4023	90-kronoloji/2026-06.md	398
4024	90-kronoloji/2026-06.md	399
4025	90-kronoloji/2026-06.md	400
4026	90-kronoloji/2026-06.md	401
4027	90-kronoloji/2026-06.md	402
4028	90-kronoloji/2026-06.md	403
4029	90-kronoloji/2026-06.md	404
4030	90-kronoloji/2026-06.md	405
4031	90-kronoloji/2026-06.md	406
4032	90-kronoloji/2026-06.md	407
4033	90-kronoloji/2026-06.md	408
4034	90-kronoloji/2026-06.md	409
4035	90-kronoloji/2026-06.md	410
4036	90-kronoloji/2026-06.md	411
4037	90-kronoloji/2026-06.md	412
4038	90-kronoloji/2026-06.md	413
4039	90-kronoloji/2026-06.md	414
4040	90-kronoloji/2026-06.md	415
4041	90-kronoloji/2026-06.md	416
4042	90-kronoloji/2026-06.md	417
4043	90-kronoloji/2026-06.md	418
4044	90-kronoloji/2026-06.md	419
4045	90-kronoloji/2026-06.md	420
4046	90-kronoloji/2026-06.md	421
4047	90-kronoloji/2026-06.md	422
4048	90-kronoloji/2026-06.md	423
4049	90-kronoloji/2026-06.md	424
4050	90-kronoloji/2026-06.md	425
4051	90-kronoloji/2026-06.md	426
4052	90-kronoloji/2026-06.md	427
4053	90-kronoloji/2026-06.md	428
4054	90-kronoloji/2026-06.md	429
4055	90-kronoloji/2026-06.md	430
4056	90-kronoloji/2026-06.md	431
4057	90-kronoloji/2026-06.md	432
4058	90-kronoloji/2026-06.md	433
4059	90-kronoloji/2026-06.md	434
4060	90-kronoloji/2026-06.md	435
4061	90-kronoloji/2026-06.md	436
4062	90-kronoloji/2026-06.md	437
4063	90-kronoloji/2026-06.md	438
4064	90-kronoloji/2026-06.md	439
4065	90-kronoloji/2026-06.md	440
4066	90-kronoloji/2026-06.md	441
4067	90-kronoloji/2026-06.md	442
4068	90-kronoloji/2026-06.md	443
4069	90-kronoloji/2026-06.md	444
4070	90-kronoloji/2026-06.md	445
4071	90-kronoloji/2026-06.md	446
4072	90-kronoloji/2026-06.md	447
4073	90-kronoloji/2026-06.md	448
4074	90-kronoloji/2026-06.md	449
4075	90-kronoloji/2026-06.md	450
4076	90-kronoloji/2026-06.md	451
4077	90-kronoloji/2026-06.md	452
4078	90-kronoloji/2026-06.md	453
4079	90-kronoloji/2026-06.md	454
4080	90-kronoloji/2026-06.md	455
4081	90-kronoloji/2026-06.md	456
4082	90-kronoloji/2026-06.md	457
4083	90-kronoloji/2026-06.md	458
4084	90-kronoloji/2026-06.md	459
4085	90-kronoloji/2026-06.md	460
4086	90-kronoloji/2026-06.md	461
4087	90-kronoloji/2026-06.md	462
4088	90-kronoloji/2026-06.md	463
4089	90-kronoloji/2026-06.md	464
4090	90-kronoloji/2026-06.md	465
4091	90-kronoloji/2026-06.md	466
4092	90-kronoloji/2026-06.md	467
4093	90-kronoloji/2026-06.md	468
4094	90-kronoloji/2026-06.md	469
4095	90-kronoloji/2026-06.md	470
4096	90-kronoloji/2026-06.md	471
4097	90-kronoloji/2026-06.md	472
4098	90-kronoloji/2026-06.md	473
4099	90-kronoloji/2026-06.md	474
4100	90-kronoloji/2026-06.md	475
4101	90-kronoloji/2026-06.md	476
4102	90-kronoloji/2026-06.md	477
4103	90-kronoloji/2026-07.md	139
4104	90-kronoloji/2026-07.md	140
4105	90-kronoloji/2026-07.md	141
4106	90-kronoloji/2026-07.md	142
4107	90-kronoloji/2026-07.md	143
4108	90-kronoloji/2026-07.md	144
4109	90-kronoloji/2026-07.md	145
4110	90-kronoloji/2026-07.md	146
4111	90-kronoloji/2026-07.md	147
4112	90-kronoloji/2026-07.md	148
4113	90-kronoloji/2026-07.md	149
4114	90-kronoloji/2026-07.md	150
4115	90-kronoloji/2026-07.md	151
4116	90-kronoloji/2026-07.md	152
4117	90-kronoloji/2026-07.md	153
4118	90-kronoloji/2026-07.md	154
4119	90-kronoloji/2026-07.md	155
4120	90-kronoloji/2026-07.md	156
4121	90-kronoloji/2026-07.md	157
4122	90-kronoloji/2026-07.md	158
4123	90-kronoloji/2026-07.md	159
4124	90-kronoloji/2026-07.md	160
4125	90-kronoloji/2026-07.md	161
4126	90-kronoloji/2026-07.md	162
4127	90-kronoloji/2026-07.md	163
4128	90-kronoloji/2026-07.md	164
4129	90-kronoloji/2026-07.md	165
4130	90-kronoloji/2026-07.md	166
4131	90-kronoloji/2026-07.md	167
4132	90-kronoloji/2026-07.md	168
4133	90-kronoloji/2026-07.md	169
4134	90-kronoloji/2026-07.md	170
4135	90-kronoloji/2026-07.md	171
4136	90-kronoloji/2026-07.md	172
4137	90-kronoloji/2026-07.md	173
4138	90-kronoloji/2026-07.md	174
4139	90-kronoloji/2026-07.md	175
4140	90-kronoloji/2026-07.md	176
4141	90-kronoloji/2026-07.md	177
4142	90-kronoloji/2026-07.md	178
4143	90-kronoloji/2026-07.md	179
4144	90-kronoloji/2026-07.md	180
4145	90-kronoloji/2026-07.md	181
4146	90-kronoloji/2026-07.md	182
4147	90-kronoloji/2026-07.md	183
4148	90-kronoloji/2026-07.md	184
4149	90-kronoloji/2026-07.md	185
4150	90-kronoloji/2026-07.md	186
4151	90-kronoloji/2026-07.md	187
4152	90-kronoloji/2026-07.md	188
4153	90-kronoloji/2026-07.md	189
4154	90-kronoloji/2026-07.md	190
4155	90-kronoloji/2026-07.md	191
4156	90-kronoloji/2026-07.md	192
4157	90-kronoloji/2026-07.md	193
4158	90-kronoloji/2026-07.md	194
4159	90-kronoloji/2026-07.md	195
4160	90-kronoloji/2026-07.md	196
4161	90-kronoloji/2026-07.md	197
4162	90-kronoloji/2026-07.md	198
4163	90-kronoloji/2026-07.md	199
4164	90-kronoloji/2026-07.md	200
4165	90-kronoloji/2026-07.md	201
4166	90-kronoloji/2026-07.md	202
4167	90-kronoloji/2026-07.md	203
4168	90-kronoloji/2026-07.md	204
4169	90-kronoloji/2026-07.md	205
4170	90-kronoloji/2026-07.md	206
4171	90-kronoloji/2026-07.md	207
4172	90-kronoloji/2026-07.md	208
4173	90-kronoloji/2026-07.md	209
4174	90-kronoloji/2026-07.md	210
4175	90-kronoloji/2026-07.md	211
4176	90-kronoloji/2026-07.md	212
4177	90-kronoloji/2026-07.md	213
4178	90-kronoloji/2026-07.md	214
4179	90-kronoloji/2026-07.md	215
4180	90-kronoloji/2026-07.md	216
4181	90-kronoloji/2026-07.md	217
4182	90-kronoloji/2026-07.md	218
4183	90-kronoloji/2026-07.md	219
4184	90-kronoloji/2026-07.md	220
4185	90-kronoloji/2026-07.md	221
4186	90-kronoloji/2026-07.md	222
4187	90-kronoloji/2026-07.md	223
4188	90-kronoloji/2026-07.md	224
4189	90-kronoloji/2026-07.md	225
4190	90-kronoloji/2026-07.md	226
4191	90-kronoloji/2026-07.md	227
4192	90-kronoloji/2026-07.md	228
4193	90-kronoloji/2026-07.md	229
4194	90-kronoloji/2026-07.md	230
4195	90-kronoloji/2026-07.md	231
4196	90-kronoloji/2026-07.md	232
4197	90-kronoloji/2026-07.md	233
4198	90-kronoloji/2026-07.md	234
4199	90-kronoloji/2026-07.md	235
4200	90-kronoloji/2026-07.md	236
4201	90-kronoloji/2026-07.md	237
4202	90-kronoloji/2026-07.md	238
4203	90-kronoloji/2026-07.md	239
4204	90-kronoloji/2026-07.md	240
4205	90-kronoloji/2026-07.md	241
4206	90-kronoloji/2026-07.md	242
4207	90-kronoloji/2026-07.md	243
4208	90-kronoloji/2026-07.md	244
4209	90-kronoloji/2026-07.md	245
4210	90-kronoloji/2026-07.md	246
4211	90-kronoloji/2026-07.md	247
4212	90-kronoloji/2026-07.md	248
4213	90-kronoloji/2026-07.md	249
4214	90-kronoloji/2026-07.md	250
4215	90-kronoloji/2026-07.md	251
4216	90-kronoloji/2026-07.md	252
4217	90-kronoloji/2026-07.md	253
4218	90-kronoloji/2026-07.md	254
4219	90-kronoloji/2026-07.md	255
4220	90-kronoloji/2026-07.md	256
4221	90-kronoloji/2026-07.md	257
4222	90-kronoloji/2026-07.md	258
4223	90-kronoloji/2026-07.md	259
4224	90-kronoloji/2026-07.md	260
4225	90-kronoloji/2026-07.md	261
4226	90-kronoloji/2026-07.md	262
4227	90-kronoloji/2026-07.md	263
4228	90-kronoloji/2026-07.md	264
4229	90-kronoloji/2026-07.md	265
4230	90-kronoloji/2026-07.md	266
4231	90-kronoloji/2026-07.md	267
4232	90-kronoloji/2026-07.md	268
4233	90-kronoloji/2026-07.md	269
4234	90-kronoloji/2026-07.md	270
4235	90-kronoloji/2026-07.md	271
4236	90-kronoloji/2026-07.md	272
4237	90-kronoloji/2026-07.md	273
4238	90-kronoloji/2026-07.md	274
4239	90-kronoloji/2026-07.md	275
4240	90-kronoloji/2026-07.md	276
4241	90-kronoloji/2026-07.md	277
4242	90-kronoloji/2026-07.md	278
4243	90-kronoloji/2026-07.md	279
4244	90-kronoloji/2026-07.md	280
4245	90-kronoloji/2026-07.md	281
4246	90-kronoloji/2026-07.md	282
4247	90-kronoloji/2026-07.md	283
4248	90-kronoloji/2026-07.md	284
4249	90-kronoloji/2026-07.md	285
4250	90-kronoloji/2026-07.md	286
4251	90-kronoloji/2026-07.md	287
4252	90-kronoloji/2026-07.md	288
4253	90-kronoloji/2026-07.md	289
4254	90-kronoloji/2026-07.md	290
4255	90-kronoloji/2026-07.md	291
4256	90-kronoloji/2026-07.md	292
4257	90-kronoloji/2026-07.md	293
4258	90-kronoloji/2026-07.md	294
4259	90-kronoloji/2026-07.md	295
4260	90-kronoloji/2026-07.md	296
4261	90-kronoloji/2026-07.md	297
4262	90-kronoloji/2026-07.md	298
4263	90-kronoloji/2026-07.md	299
4264	90-kronoloji/2026-07.md	300
4265	90-kronoloji/2026-07.md	301
4266	90-kronoloji/2026-07.md	302
4267	90-kronoloji/2026-07.md	303
4268	90-kronoloji/2026-07.md	304
4269	90-kronoloji/2026-07.md	305
4270	90-kronoloji/2026-07.md	306
4271	90-kronoloji/2026-07.md	307
4272	90-kronoloji/2026-07.md	308
4273	90-kronoloji/2026-07.md	309
4274	90-kronoloji/2026-07.md	310
4275	90-kronoloji/2026-07.md	311
4276	90-kronoloji/2026-07.md	312
4277	90-kronoloji/2026-07.md	313
4278	90-kronoloji/2026-07.md	314
4279	90-kronoloji/2026-07.md	315
4280	90-kronoloji/2026-07.md	316
4281	90-kronoloji/2026-07.md	317
4282	90-kronoloji/2026-07.md	318
4283	90-kronoloji/2026-07.md	319
4284	90-kronoloji/2026-07.md	320
4285	90-kronoloji/2026-07.md	321
4286	90-kronoloji/2026-07.md	322
4287	90-kronoloji/2026-07.md	323
4288	90-kronoloji/2026-07.md	324
4289	90-kronoloji/2026-07.md	325
4290	90-kronoloji/2026-07.md	326
4291	90-kronoloji/2026-07.md	327
4292	90-kronoloji/2026-07.md	328
4293	90-kronoloji/2026-07.md	329
4294	90-kronoloji/2026-07.md	330
4295	90-kronoloji/2026-07.md	331
4296	90-kronoloji/2026-07.md	332
4297	90-kronoloji/2026-07.md	333
4298	90-kronoloji/2026-07.md	334
4299	90-kronoloji/2026-07.md	335
4300	90-kronoloji/2026-07.md	336
4301	90-kronoloji/2026-07.md	337
4302	90-kronoloji/2026-07.md	338
4303	90-kronoloji/2026-07.md	339
4304	90-kronoloji/2026-07.md	340
4305	90-kronoloji/2026-07.md	341
4306	90-kronoloji/2026-07.md	342
4307	90-kronoloji/2026-07.md	343
4308	90-kronoloji/2026-07.md	344
4309	90-kronoloji/2026-07.md	345
4310	90-kronoloji/2026-07.md	346
4311	90-kronoloji/2026-07.md	347
4312	90-kronoloji/2026-07.md	348
4313	90-kronoloji/2026-07.md	349
4314	90-kronoloji/2026-07.md	350
4315	90-kronoloji/2026-07.md	351
4316	90-kronoloji/2026-07.md	352
4317	90-kronoloji/2026-07.md	353
4318	90-kronoloji/2026-07.md	354
4319	90-kronoloji/2026-07.md	355
4320	90-kronoloji/2026-07.md	356
4321	90-kronoloji/2026-07.md	357
4322	90-kronoloji/2026-07.md	358
4323	90-kronoloji/2026-07.md	359
4324	90-kronoloji/2026-07.md	360
4325	90-kronoloji/2026-07.md	361
4326	90-kronoloji/2026-07.md	362
4327	90-kronoloji/2026-07.md	363
4328	90-kronoloji/2026-07.md	364
4329	90-kronoloji/2026-07.md	365
4330	90-kronoloji/2026-07.md	366
4331	90-kronoloji/2026-07.md	367
4332	90-kronoloji/2026-07.md	368
4333	90-kronoloji/2026-07.md	369
4334	90-kronoloji/2026-07.md	370
4335	90-kronoloji/2026-07.md	371
4336	90-kronoloji/2026-07.md	372
4337	90-kronoloji/2026-07.md	373
4338	90-kronoloji/2026-07.md	374
4339	90-kronoloji/2026-07.md	375
4340	90-kronoloji/2026-07.md	376
4341	90-kronoloji/2026-07.md	377
4342	90-kronoloji/2026-07.md	378
4343	90-kronoloji/2026-07.md	379
4344	90-kronoloji/2026-07.md	380
4345	90-kronoloji/2026-07.md	381
4346	90-kronoloji/2026-07.md	382
4347	90-kronoloji/2026-07.md	383
4348	90-kronoloji/2026-07.md	384
4349	90-kronoloji/2026-07.md	385
4350	90-kronoloji/2026-07.md	386
4351	90-kronoloji/2026-07.md	387
4352	90-kronoloji/2026-07.md	388
4353	90-kronoloji/2026-07.md	389
4354	90-kronoloji/2026-07.md	390
4355	90-kronoloji/2026-07.md	391
4356	90-kronoloji/2026-07.md	392
4357	90-kronoloji/2026-07.md	393
4358	90-kronoloji/2026-07.md	394
4359	90-kronoloji/2026-07.md	395
4360	90-kronoloji/2026-07.md	396
4361	90-kronoloji/2026-07.md	397
4362	90-kronoloji/2026-07.md	398
4363	90-kronoloji/2026-07.md	399
4364	90-kronoloji/2026-07.md	400
4365	90-kronoloji/2026-07.md	401
4366	90-kronoloji/2026-07.md	402
4367	90-kronoloji/2026-07.md	403
4368	90-kronoloji/2026-07.md	404
4369	90-kronoloji/2026-07.md	405
4370	90-kronoloji/2026-07.md	406
4371	90-kronoloji/2026-07.md	407
4372	90-kronoloji/2026-07.md	408
4373	90-kronoloji/2026-07.md	409
4374	90-kronoloji/2026-07.md	410
4375	90-kronoloji/2026-07.md	411
4376	90-kronoloji/2026-07.md	412
4377	90-kronoloji/2026-07.md	413
4378	90-kronoloji/2026-07.md	414
4379	90-kronoloji/2026-07.md	415
4380	90-kronoloji/2026-07.md	416
4381	90-kronoloji/2026-07.md	417
4382	90-kronoloji/2026-07.md	418
4383	90-kronoloji/2026-07.md	419
4384	90-kronoloji/2026-07.md	420
4385	90-kronoloji/2026-07.md	421
4386	90-kronoloji/2026-07.md	422
4387	90-kronoloji/2026-07.md	423
4388	90-kronoloji/2026-07.md	424
4389	90-kronoloji/2026-07.md	425
4390	90-kronoloji/2026-07.md	426
4391	90-kronoloji/2026-07.md	427
4392	90-kronoloji/2026-07.md	428
4393	90-kronoloji/2026-07.md	429
4394	90-kronoloji/2026-07.md	430
4395	90-kronoloji/2026-07.md	431
4396	90-kronoloji/2026-07.md	432
4397	90-kronoloji/2026-07.md	433
4398	90-kronoloji/2026-07.md	434
4399	90-kronoloji/2026-07.md	435
4400	90-kronoloji/2026-07.md	436
4401	90-kronoloji/2026-07.md	437
4402	90-kronoloji/2026-07.md	438
4403	90-kronoloji/2026-07.md	439
4404	90-kronoloji/2026-07.md	440
4405	90-kronoloji/2026-07.md	441
4406	90-kronoloji/2026-07.md	442
4407	90-kronoloji/2026-07.md	443
4408	90-kronoloji/2026-07.md	444
4409	90-kronoloji/2026-07.md	445
4410	90-kronoloji/2026-07.md	446
4411	90-kronoloji/2026-07.md	447
4412	90-kronoloji/2026-07.md	448
4413	90-kronoloji/2026-07.md	449
4414	90-kronoloji/2026-07.md	450
4415	90-kronoloji/2026-07.md	451
4416	90-kronoloji/2026-07.md	452
4417	90-kronoloji/2026-07.md	453
4418	90-kronoloji/2026-07.md	454
4419	90-kronoloji/2026-07.md	455
4420	90-kronoloji/2026-07.md	456
4421	90-kronoloji/2026-07.md	457
4422	90-kronoloji/2026-07.md	458
4423	90-kronoloji/2026-07.md	459
4424	90-kronoloji/2026-07.md	460
4425	90-kronoloji/2026-07.md	461
4426	90-kronoloji/2026-07.md	462
4427	90-kronoloji/2026-07.md	463
4428	90-kronoloji/2026-07.md	464
4429	90-kronoloji/2026-07.md	465
4430	90-kronoloji/2026-07.md	466
4431	90-kronoloji/2026-07.md	467
4432	90-kronoloji/2026-07.md	468
4433	90-kronoloji/2026-07.md	469
4434	90-kronoloji/2026-07.md	470
4435	90-kronoloji/2026-07.md	471
4436	90-kronoloji/2026-07.md	472
4437	90-kronoloji/2026-07.md	473
4438	90-kronoloji/2026-07.md	474
4439	90-kronoloji/2026-07.md	475
4440	90-kronoloji/2026-07.md	476
4441	90-kronoloji/2026-07.md	477
4442	90-kronoloji/2026-07.md	478
4443	90-kronoloji/2026-07.md	479
4444	90-kronoloji/2026-07.md	480
4445	90-kronoloji/2026-07.md	481
4446	90-kronoloji/2026-07.md	482
4447	90-kronoloji/2026-07.md	483
4448	90-kronoloji/2026-07.md	484
4449	90-kronoloji/2026-07.md	485
4450	90-kronoloji/2026-07.md	486
4451	90-kronoloji/2026-07.md	487
4452	90-kronoloji/2026-07.md	488
4453	90-kronoloji/2026-07.md	489
4454	90-kronoloji/2026-07.md	490
4455	90-kronoloji/2026-07.md	491
4456	90-kronoloji/2026-07.md	492
4457	90-kronoloji/2026-07.md	493
4458	90-kronoloji/2026-07.md	494
4459	90-kronoloji/2026-07.md	495
4460	90-kronoloji/2026-07.md	496
4461	90-kronoloji/2026-07.md	497
4462	90-kronoloji/2026-07.md	498
4463	90-kronoloji/2026-07.md	499
4464	90-kronoloji/2026-07.md	500
4465	90-kronoloji/2026-07.md	501
4466	90-kronoloji/2026-07.md	502
4467	90-kronoloji/2026-07.md	503
4468	90-kronoloji/2026-07.md	504
4469	90-kronoloji/2026-07.md	505
4470	90-kronoloji/2026-07.md	506
4471	90-kronoloji/2026-07.md	507
4472	90-kronoloji/2026-07.md	508
4473	90-kronoloji/2026-07.md	509
4474	90-kronoloji/2026-07.md	510
4475	90-kronoloji/2026-07.md	511
4476	90-kronoloji/2026-07.md	512
4477	90-kronoloji/2026-07.md	513
4478	90-kronoloji/2026-07.md	514
4479	90-kronoloji/2026-07.md	515
4480	90-kronoloji/2026-07.md	516
4481	90-kronoloji/2026-07.md	517
4482	90-kronoloji/2026-07.md	518
4483	90-kronoloji/2026-07.md	519
4484	90-kronoloji/2026-07.md	520
4485	90-kronoloji/2026-07.md	521
4486	90-kronoloji/2026-07.md	522
4487	90-kronoloji/2026-07.md	523
4488	90-kronoloji/2026-07.md	524
4489	90-kronoloji/2026-07.md	525
4490	90-kronoloji/2026-07.md	526
4491	90-kronoloji/2026-07.md	527
4492	90-kronoloji/2026-07.md	528
4493	90-kronoloji/2026-07.md	529
4494	90-kronoloji/2026-07.md	530
4495	90-kronoloji/2026-07.md	531
4496	90-kronoloji/2026-07.md	532
4497	90-kronoloji/2026-07.md	533
4498	90-kronoloji/2026-07.md	534
4499	90-kronoloji/2026-07.md	535
4500	90-kronoloji/2026-07.md	536
4501	90-kronoloji/2026-07.md	537
4502	90-kronoloji/2026-07.md	538
4503	90-kronoloji/2026-07.md	539
4504	90-kronoloji/2026-07.md	540
4505	90-kronoloji/2026-07.md	541
4506	90-kronoloji/2026-07.md	542
4507	90-kronoloji/2026-07.md	543
4508	90-kronoloji/2026-07.md	544
4509	90-kronoloji/2026-07.md	545
4510	90-kronoloji/2026-07.md	546
4511	90-kronoloji/2026-07.md	547
4512	90-kronoloji/2026-07.md	548
4513	90-kronoloji/2026-07.md	549
4514	90-kronoloji/2026-07.md	550
4515	90-kronoloji/2026-07.md	551
4516	90-kronoloji/2026-07.md	552
4517	90-kronoloji/2026-07.md	553
4518	90-kronoloji/2026-07.md	554
4519	90-kronoloji/2026-07.md	555
4520	90-kronoloji/2026-07.md	556
4521	90-kronoloji/2026-07.md	557
4522	90-kronoloji/2026-07.md	558
4523	90-kronoloji/2026-07.md	559
4524	90-kronoloji/2026-07.md	560
4525	90-kronoloji/2026-07.md	561
4526	90-kronoloji/2026-07.md	562
4527	90-kronoloji/2026-07.md	563
4528	90-kronoloji/2026-07.md	564
4529	90-kronoloji/2026-07.md	565
4530	90-kronoloji/2026-07.md	566
4531	90-kronoloji/2026-07.md	567
4532	90-kronoloji/2026-07.md	568
4533	90-kronoloji/2026-07.md	569
4534	90-kronoloji/2026-07.md	570
4535	90-kronoloji/2026-07.md	571
4536	90-kronoloji/2026-07.md	572
4537	90-kronoloji/2026-07.md	573
4538	90-kronoloji/2026-07.md	574
4539	90-kronoloji/2026-07.md	575
4540	90-kronoloji/2026-07.md	576
4541	90-kronoloji/2026-07.md	577
4542	90-kronoloji/2026-07.md	578
4543	90-kronoloji/2026-07.md	579
4544	90-kronoloji/2026-07.md	580
4545	90-kronoloji/2026-07.md	581
4546	90-kronoloji/2026-07.md	582
4547	90-kronoloji/2026-07.md	583
4548	90-kronoloji/2026-07.md	584
4549	90-kronoloji/2026-07.md	585
4550	90-kronoloji/2026-07.md	586
4551	90-kronoloji/2026-07.md	587
4552	90-kronoloji/2026-07.md	588
4553	90-kronoloji/2026-07.md	589
4554	90-kronoloji/2026-07.md	590
4555	90-kronoloji/2026-07.md	591
4556	90-kronoloji/2026-07.md	592
4557	90-kronoloji/2026-07.md	593
4558	90-kronoloji/2026-07.md	594
4559	90-kronoloji/2026-07.md	595
4560	90-kronoloji/2026-07.md	596
4561	90-kronoloji/2026-07.md	597
4562	90-kronoloji/2026-07.md	598
4563	90-kronoloji/2026-07.md	599
4564	90-kronoloji/2026-07.md	600
4565	90-kronoloji/2026-07.md	601
4566	90-kronoloji/2026-07.md	602
4567	90-kronoloji/2026-07.md	603
4568	90-kronoloji/2026-07.md	604
4569	90-kronoloji/2026-07.md	605
4570	90-kronoloji/2026-07.md	606
4571	90-kronoloji/2026-07.md	607
4572	90-kronoloji/2026-07.md	608
4573	90-kronoloji/2026-07.md	609
4574	90-kronoloji/2026-07.md	610
4575	90-kronoloji/2026-07.md	611
4576	90-kronoloji/2026-07.md	612
4577	90-kronoloji/2026-07.md	613
4578	90-kronoloji/2026-07.md	614
4579	90-kronoloji/2026-07.md	615
4580	90-kronoloji/2026-07.md	616
4581	90-kronoloji/2026-07.md	617
4582	90-kronoloji/2026-07.md	618
4583	90-kronoloji/2026-07.md	619
4584	90-kronoloji/2026-07.md	620
4585	90-kronoloji/2026-07.md	621
4586	90-kronoloji/2026-07.md	622
4587	90-kronoloji/2026-07.md	623
4588	90-kronoloji/2026-07.md	624
4589	90-kronoloji/2026-07.md	625
4590	90-kronoloji/2026-07.md	626
4591	90-kronoloji/2026-07.md	627
4592	90-kronoloji/2026-07.md	628
4593	90-kronoloji/2026-07.md	629
4594	90-kronoloji/2026-07.md	630
4595	90-kronoloji/2026-07.md	631
4596	90-kronoloji/2026-07.md	632
4597	90-kronoloji/2026-07.md	633
4598	90-kronoloji/2026-07.md	634
4599	90-kronoloji/2026-07.md	635
4600	90-kronoloji/2026-07.md	636
4601	90-kronoloji/2026-07.md	637
4602	90-kronoloji/2026-07.md	638
4603	90-kronoloji/2026-07.md	639
4604	90-kronoloji/2026-07.md	640
4605	90-kronoloji/2026-07.md	641
4606	90-kronoloji/2026-07.md	642
4607	90-kronoloji/2026-07.md	643
4608	90-kronoloji/2026-07.md	644
4609	90-kronoloji/2026-07.md	645
4610	90-kronoloji/2026-07.md	646
4611	90-kronoloji/2026-07.md	647
4612	90-kronoloji/2026-07.md	648
4613	90-kronoloji/2026-07.md	649
4614	90-kronoloji/2026-07.md	650
4615	90-kronoloji/2026-07.md	651
4616	90-kronoloji/2026-07.md	652
4617	90-kronoloji/2026-07.md	653
4618	90-kronoloji/2026-07.md	654
4619	90-kronoloji/2026-07.md	655
4620	90-kronoloji/2026-07.md	656
4621	90-kronoloji/2026-07.md	657
4622	90-kronoloji/2026-07.md	658
4623	90-kronoloji/2026-07.md	659
4624	90-kronoloji/2026-07.md	660
4625	90-kronoloji/2026-07.md	661
4626	90-kronoloji/2026-07.md	662
4627	90-kronoloji/2026-07.md	663
4628	90-kronoloji/2026-07.md	664
4629	90-kronoloji/2026-07.md	665
4630	90-kronoloji/2026-07.md	666
4631	90-kronoloji/2026-07.md	667
4632	90-kronoloji/2026-07.md	668
4633	90-kronoloji/2026-07.md	669
4634	90-kronoloji/2026-07.md	670
4635	90-kronoloji/2026-07.md	671
4636	90-kronoloji/2026-07.md	672
4637	90-kronoloji/2026-07.md	673
4638	90-kronoloji/2026-07.md	674
4639	90-kronoloji/2026-07.md	675
4640	90-kronoloji/2026-07.md	676
4641	90-kronoloji/2026-07.md	677
4642	90-kronoloji/2026-07.md	678
4643	90-kronoloji/2026-07.md	679
4644	90-kronoloji/2026-07.md	680
4645	90-kronoloji/2026-07.md	681
4646	90-kronoloji/2026-07.md	682
4647	90-kronoloji/2026-07.md	683
4648	90-kronoloji/2026-07.md	684
4649	90-kronoloji/2026-07.md	685
4650	90-kronoloji/2026-07.md	686
4651	90-kronoloji/2026-07.md	687
4652	90-kronoloji/2026-07.md	688
4653	90-kronoloji/2026-07.md	689
4654	90-kronoloji/2026-07.md	690
4655	90-kronoloji/2026-07.md	691
4656	90-kronoloji/2026-07.md	692
4657	90-kronoloji/2026-07.md	693
4658	90-kronoloji/2026-07.md	694
4659	90-kronoloji/2026-07.md	695
4660	90-kronoloji/2026-07.md	696
4661	90-kronoloji/2026-07.md	697
4662	90-kronoloji/2026-07.md	698
4663	90-kronoloji/2026-07.md	699
4664	90-kronoloji/2026-07.md	700
4665	90-kronoloji/2026-07.md	701
4666	90-kronoloji/2026-07.md	702
4667	90-kronoloji/2026-07.md	703
4668	90-kronoloji/2026-07.md	704
4669	90-kronoloji/2026-07.md	705
4670	90-kronoloji/2026-07.md	706
4671	90-kronoloji/2026-07.md	707
4672	90-kronoloji/2026-07.md	708
4673	90-kronoloji/2026-07.md	709
4674	90-kronoloji/2026-07.md	710
4675	90-kronoloji/2026-07.md	711
4676	90-kronoloji/2026-07.md	712
4677	90-kronoloji/2026-07.md	713
4678	90-kronoloji/2026-07.md	714
4679	90-kronoloji/2026-07.md	715
4680	90-kronoloji/2026-07.md	716
4681	90-kronoloji/2026-07.md	717
4682	90-kronoloji/2026-07.md	718
4683	90-kronoloji/2026-07.md	719
4684	90-kronoloji/2026-07.md	720
4685	90-kronoloji/2026-07.md	721
4686	90-kronoloji/2026-07.md	722
4687	90-kronoloji/2026-07.md	723
4688	90-kronoloji/2026-07.md	724
4689	90-kronoloji/2026-07.md	725
4690	90-kronoloji/2026-07.md	726
4691	90-kronoloji/2026-07.md	727
4692	90-kronoloji/2026-07.md	728
4693	90-kronoloji/2026-07.md	729
4694	90-kronoloji/2026-07.md	730
4695	90-kronoloji/2026-07.md	731
4696	90-kronoloji/2026-07.md	732
4697	90-kronoloji/2026-07.md	733
4698	90-kronoloji/2026-07.md	734
4699	90-kronoloji/2026-07.md	735
4700	90-kronoloji/2026-07.md	736
4701	90-kronoloji/2026-07.md	737
4702	90-kronoloji/2026-07.md	738
4703	90-kronoloji/2026-07.md	739
4704	90-kronoloji/2026-07.md	740
4705	90-kronoloji/2026-07.md	741
4706	90-kronoloji/2026-07.md	742
4707	90-kronoloji/2026-07.md	743
4708	90-kronoloji/2026-07.md	744
4709	90-kronoloji/2026-07.md	745
4710	90-kronoloji/2026-07.md	746
4711	90-kronoloji/2026-07.md	747
4712	90-kronoloji/2026-07.md	748
4713	90-kronoloji/2026-07.md	749
4714	90-kronoloji/2026-07.md	750
4715	90-kronoloji/2026-07.md	751
4716	90-kronoloji/2026-07.md	752
4717	90-kronoloji/2026-07.md	753
4718	90-kronoloji/2026-07.md	754
4719	90-kronoloji/2026-07.md	755
4720	90-kronoloji/2026-07.md	756
4721	90-kronoloji/2026-07.md	757
4722	90-kronoloji/2026-07.md	758
4723	90-kronoloji/2026-07.md	759
4724	90-kronoloji/2026-07.md	760
4725	90-kronoloji/2026-07.md	761
4726	90-kronoloji/2026-07.md	762
4727	90-kronoloji/2026-07.md	763
4728	90-kronoloji/2026-07.md	764
4729	90-kronoloji/2026-07.md	765
4730	90-kronoloji/2026-07.md	766
4731	90-kronoloji/2026-07.md	767
4732	90-kronoloji/2026-07.md	768
4733	90-kronoloji/2026-07.md	769
4734	90-kronoloji/2026-07.md	770
4735	90-kronoloji/2026-07.md	771
4736	90-kronoloji/2026-07.md	772
4737	90-kronoloji/2026-07.md	773
4738	90-kronoloji/2026-07.md	774
4739	90-kronoloji/2026-07.md	775
4740	90-kronoloji/2026-07.md	776
4741	90-kronoloji/2026-07.md	777
4742	90-kronoloji/2026-07.md	778
4743	90-kronoloji/2026-07.md	779
4744	90-kronoloji/2026-07.md	780
4745	90-kronoloji/2026-07.md	781
4746	90-kronoloji/2026-07.md	782
4747	90-kronoloji/2026-07.md	783
4748	90-kronoloji/2026-07.md	784
4749	90-kronoloji/2026-07.md	785
4750	90-kronoloji/2026-07.md	786
4751	90-kronoloji/2026-07.md	787
4752	90-kronoloji/2026-07.md	788
4753	90-kronoloji/2026-07.md	789
4754	90-kronoloji/2026-07.md	790
4755	90-kronoloji/2026-07.md	791
4756	90-kronoloji/2026-07.md	792
4757	90-kronoloji/2026-07.md	793
4758	90-kronoloji/2026-07.md	794
4759	90-kronoloji/2026-07.md	795
4760	90-kronoloji/2026-07.md	796
4761	90-kronoloji/2026-07.md	797
4762	90-kronoloji/2026-07.md	798
4763	90-kronoloji/2026-07.md	799
4764	90-kronoloji/2026-07.md	800
4765	90-kronoloji/2026-07.md	801
4766	90-kronoloji/2026-07.md	802
4767	90-kronoloji/2026-07.md	803
4768	90-kronoloji/2026-07.md	804
4769	90-kronoloji/2026-07.md	805
4770	90-kronoloji/2026-07.md	806
4771	90-kronoloji/2026-07.md	807
4772	90-kronoloji/2026-07.md	808
4773	90-kronoloji/2026-07.md	809
4774	90-kronoloji/2026-07.md	810
4775	90-kronoloji/2026-07.md	811
4776	90-kronoloji/2026-07.md	812
4777	90-kronoloji/2026-07.md	813
4778	90-kronoloji/2026-07.md	814
4779	90-kronoloji/2026-07.md	815
4780	90-kronoloji/2026-07.md	816
4781	90-kronoloji/2026-07.md	817
4782	90-kronoloji/2026-07.md	818
4783	90-kronoloji/2026-07.md	819
4784	90-kronoloji/2026-07.md	820
4785	90-kronoloji/2026-07.md	821
4786	90-kronoloji/2026-07.md	822
4787	90-kronoloji/2026-07.md	823
4788	90-kronoloji/2026-07.md	824
4789	90-kronoloji/2026-07.md	825
4790	90-kronoloji/2026-07.md	826
4791	90-kronoloji/2026-07.md	827
4792	90-kronoloji/2026-07.md	828
4793	90-kronoloji/2026-07.md	829
4794	90-kronoloji/2026-07.md	830
4795	90-kronoloji/2026-07.md	831
4796	90-kronoloji/2026-07.md	832
4797	90-kronoloji/2026-07.md	833
4798	90-kronoloji/2026-07.md	834
4799	90-kronoloji/2026-07.md	835
4800	90-kronoloji/2026-07.md	836
4801	90-kronoloji/2026-07.md	837
4802	90-kronoloji/2026-07.md	838
4803	90-kronoloji/2026-07.md	839
4804	90-kronoloji/2026-07.md	840
4805	90-kronoloji/2026-07.md	841
4806	90-kronoloji/2026-07.md	842
4807	90-kronoloji/2026-07.md	843
4808	90-kronoloji/2026-07.md	844
4809	90-kronoloji/2026-07.md	845
4810	90-kronoloji/2026-07.md	846
4811	90-kronoloji/2026-07.md	847
4812	90-kronoloji/2026-07.md	848
4813	90-kronoloji/2026-07.md	849
4814	90-kronoloji/2026-07.md	850
4815	90-kronoloji/2026-07.md	851
4816	90-kronoloji/2026-07.md	852
4817	90-kronoloji/2026-07.md	853
4818	90-kronoloji/2026-07.md	854
4819	90-kronoloji/2026-07.md	855
4820	90-kronoloji/2026-07.md	856
4821	90-kronoloji/2026-07.md	857
4822	90-kronoloji/2026-07.md	858
4823	90-kronoloji/2026-07.md	859
4824	90-kronoloji/2026-07.md	860
4825	90-kronoloji/00-devir.md	56
4826	90-kronoloji/00-devir.md	57
4827	90-kronoloji/00-devir.md	58
4828	90-kronoloji/00-devir.md	59
4829	90-kronoloji/00-devir.md	60
4830	90-kronoloji/00-devir.md	61
4831	90-kronoloji/00-devir.md	62
4832	90-kronoloji/00-devir.md	63
4833	90-kronoloji/00-devir.md	64
4834	90-kronoloji/00-devir.md	65
4835	90-kronoloji/00-devir.md	66
4836	90-kronoloji/00-devir.md	67
4837	90-kronoloji/00-devir.md	68
4838	90-kronoloji/00-devir.md	69
4839	90-kronoloji/00-devir.md	70
4840	90-kronoloji/00-devir.md	71
4841	90-kronoloji/00-devir.md	72
4842	90-kronoloji/00-devir.md	73
4843	90-kronoloji/00-devir.md	74
4844	90-kronoloji/00-devir.md	75
4845	90-kronoloji/00-devir.md	76
4846	90-kronoloji/00-devir.md	77
4847	90-kronoloji/00-devir.md	78
4848	90-kronoloji/00-devir.md	79
4849	90-kronoloji/00-devir.md	80
4850	90-kronoloji/00-devir.md	81
4851	90-kronoloji/00-devir.md	82
4852	90-kronoloji/00-devir.md	83
4853	90-kronoloji/00-devir.md	84
4854	90-kronoloji/00-devir.md	85
4855	90-kronoloji/00-devir.md	86
4856	90-kronoloji/00-devir.md	87
4857	90-kronoloji/00-devir.md	88
4858	90-kronoloji/00-devir.md	89
4859	90-kronoloji/00-devir.md	90
4860	90-kronoloji/00-devir.md	91
4861	90-kronoloji/00-devir.md	92
4862	90-kronoloji/00-devir.md	93
4863	90-kronoloji/00-devir.md	94
4864	90-kronoloji/00-devir.md	95
4865	90-kronoloji/00-devir.md	96
4866	90-kronoloji/00-devir.md	97
4867	90-kronoloji/00-devir.md	98
4868	90-kronoloji/00-devir.md	99
4869	90-kronoloji/00-devir.md	100
4870	90-kronoloji/00-devir.md	101
4871	90-kronoloji/00-devir.md	102
4872	90-kronoloji/00-devir.md	103
4873	90-kronoloji/00-devir.md	104
4874	90-kronoloji/00-devir.md	105
4875	90-kronoloji/00-devir.md	106
4876	90-kronoloji/00-devir.md	107
4877	90-kronoloji/00-devir.md	108
4878	90-kronoloji/00-devir.md	109
4879	90-kronoloji/00-devir.md	110
4880	90-kronoloji/00-devir.md	111
4881	90-kronoloji/00-devir.md	112
4882	90-kronoloji/00-devir.md	113
4883	90-kronoloji/00-devir.md	114
4884	90-kronoloji/00-devir.md	115
4885	90-kronoloji/00-devir.md	116
4886	90-kronoloji/00-devir.md	117
4887	90-kronoloji/00-devir.md	118
4888	90-kronoloji/00-devir.md	119
4889	90-kronoloji/00-devir.md	120
4890	90-kronoloji/00-devir.md	121
4891	90-kronoloji/00-devir.md	122
4892	90-kronoloji/00-devir.md	123
4893	90-kronoloji/00-devir.md	124
4894	90-kronoloji/00-devir.md	125
4895	90-kronoloji/00-devir.md	126
4896	90-kronoloji/00-devir.md	127
4897	90-kronoloji/00-devir.md	128
4898	90-kronoloji/00-devir.md	129
4899	90-kronoloji/00-devir.md	130
4900	90-kronoloji/00-devir.md	131
4901	90-kronoloji/00-devir.md	132
4902	90-kronoloji/00-devir.md	133
4903	90-kronoloji/00-devir.md	134
4904	90-kronoloji/00-devir.md	135
4905	90-kronoloji/00-devir.md	136
4906	90-kronoloji/00-devir.md	137
4907	90-kronoloji/00-devir.md	138
4908	90-kronoloji/00-devir.md	139
4909	90-kronoloji/00-devir.md	140
4910	90-kronoloji/00-devir.md	141
4911	90-kronoloji/00-devir.md	142
4912	90-kronoloji/00-devir.md	143
4913	90-kronoloji/00-devir.md	144
4914	90-kronoloji/00-devir.md	145
4915	90-kronoloji/00-devir.md	146
4916	90-kronoloji/00-devir.md	147
4917	90-kronoloji/00-devir.md	148
4918	90-kronoloji/00-devir.md	149
4919	90-kronoloji/00-devir.md	150
4920	90-kronoloji/00-devir.md	151
4921	90-kronoloji/00-devir.md	152
4922	90-kronoloji/00-devir.md	153
4923	90-kronoloji/00-devir.md	154
4924	90-kronoloji/00-devir.md	155
4925	90-kronoloji/00-devir.md	156
4926	90-kronoloji/00-devir.md	157
4927	90-kronoloji/00-devir.md	158
4928	90-kronoloji/00-devir.md	159
4929	90-kronoloji/00-devir.md	160
4930	90-kronoloji/00-devir.md	161
4931	90-kronoloji/00-devir.md	162
4932	90-kronoloji/00-devir.md	163
4933	90-kronoloji/00-devir.md	164
4934	90-kronoloji/00-devir.md	165
4935	90-kronoloji/00-devir.md	166
4936	90-kronoloji/00-devir.md	167
4937	90-kronoloji/00-devir.md	168
4938	90-kronoloji/00-devir.md	169
4939	90-kronoloji/00-devir.md	170
4940	90-kronoloji/00-devir.md	171
4941	90-kronoloji/00-devir.md	172
4942	90-kronoloji/00-devir.md	173
4943	90-kronoloji/00-devir.md	174
4944	90-kronoloji/00-devir.md	175
4945	90-kronoloji/00-devir.md	176
4946	90-kronoloji/00-devir.md	177
4947	90-kronoloji/00-devir.md	178
4948	90-kronoloji/00-devir.md	179
4949	90-kronoloji/00-devir.md	180
4950	90-kronoloji/00-devir.md	181
4951	90-kronoloji/00-devir.md	182
4952	90-kronoloji/00-devir.md	183
4953	90-kronoloji/00-devir.md	184
4954	90-kronoloji/00-devir.md	185
4955	90-kronoloji/00-devir.md	186
4956	90-kronoloji/00-devir.md	187
4957	90-kronoloji/00-devir.md	188
4958	90-kronoloji/00-devir.md	189
4959	90-kronoloji/00-devir.md	190
4960	90-kronoloji/00-devir.md	191
4961	90-kronoloji/00-devir.md	192
4962	90-kronoloji/00-devir.md	193
4963	90-kronoloji/00-devir.md	194
4964	90-kronoloji/00-devir.md	195
4965	90-kronoloji/00-devir.md	196
4966	90-kronoloji/00-devir.md	197
4967	90-kronoloji/00-devir.md	198
4968	90-kronoloji/00-devir.md	199
4969	90-kronoloji/00-devir.md	200
4970	90-kronoloji/00-devir.md	201
4971	90-kronoloji/00-devir.md	202
4972	90-kronoloji/00-devir.md	203
4973	90-kronoloji/00-devir.md	204
4974	90-kronoloji/00-devir.md	205
4975	90-kronoloji/00-devir.md	206
4976	90-kronoloji/00-devir.md	207
4977	90-kronoloji/00-devir.md	208
4978	90-kronoloji/00-devir.md	209
4979	90-kronoloji/00-devir.md	210
4980	90-kronoloji/00-devir.md	211
4981	90-kronoloji/00-devir.md	212
4982	90-kronoloji/00-devir.md	213
4983	90-kronoloji/00-devir.md	214
4984	90-kronoloji/00-devir.md	215
4985	90-kronoloji/00-devir.md	216
4986	90-kronoloji/00-devir.md	217
4987	90-kronoloji/00-devir.md	218
4988	90-kronoloji/00-devir.md	219
4989	90-kronoloji/00-devir.md	220
4990	90-kronoloji/00-devir.md	221
4991	90-kronoloji/00-devir.md	222
4992	90-kronoloji/00-devir.md	223
4993	90-kronoloji/00-devir.md	224
4994	90-kronoloji/00-devir.md	225
4995	90-kronoloji/00-devir.md	226
4996	90-kronoloji/00-devir.md	227
4997	90-kronoloji/00-devir.md	228
4998	90-kronoloji/00-devir.md	229
4999	90-kronoloji/00-devir.md	230
5000	90-kronoloji/00-devir.md	231
5001	90-kronoloji/00-devir.md	232
5002	90-kronoloji/00-devir.md	233
5003	90-kronoloji/00-devir.md	234
5004	90-kronoloji/00-devir.md	235
5005	90-kronoloji/00-devir.md	236
5006	90-kronoloji/00-devir.md	237
5007	90-kronoloji/00-devir.md	238
5008	90-kronoloji/00-devir.md	239
5009	90-kronoloji/00-devir.md	240
5010	90-kronoloji/00-devir.md	241
5011	90-kronoloji/00-devir.md	242
5012	90-kronoloji/00-devir.md	243
5013	90-kronoloji/00-devir.md	244
5014	90-kronoloji/00-devir.md	245
5015	90-kronoloji/00-devir.md	246
5016	90-kronoloji/00-devir.md	247
5017	90-kronoloji/00-devir.md	248
5018	90-kronoloji/00-devir.md	249
5019	90-kronoloji/00-devir.md	250
5020	90-kronoloji/00-devir.md	251
5021	90-kronoloji/00-devir.md	252
5022	90-kronoloji/00-devir.md	253
5023	90-kronoloji/00-devir.md	254
5024	90-kronoloji/00-devir.md	255
5025	90-kronoloji/00-devir.md	256
5026	90-kronoloji/00-devir.md	257
5027	90-kronoloji/00-devir.md	258
5028	90-kronoloji/00-devir.md	259
5029	90-kronoloji/00-devir.md	260
5030	90-kronoloji/00-devir.md	261
5031	90-kronoloji/00-devir.md	262
5032	90-kronoloji/00-devir.md	263
5033	90-kronoloji/00-devir.md	264
5034	90-kronoloji/00-devir.md	265
5035	90-kronoloji/00-devir.md	266
5036	90-kronoloji/00-devir.md	267
5037	90-kronoloji/00-devir.md	268
5038	90-kronoloji/00-devir.md	269
5039	90-kronoloji/00-devir.md	270
5040	90-kronoloji/00-devir.md	271
5041	90-kronoloji/00-devir.md	272
5042	90-kronoloji/00-devir.md	273
5043	90-kronoloji/00-devir.md	274
5044	90-kronoloji/00-devir.md	275
5045	90-kronoloji/00-devir.md	276
5046	90-kronoloji/00-devir.md	277
5047	90-kronoloji/00-devir.md	278
5048	90-kronoloji/00-devir.md	279
5049	90-kronoloji/00-devir.md	280
5050	90-kronoloji/00-devir.md	281
5051	90-kronoloji/00-devir.md	282
5052	90-kronoloji/00-devir.md	283
5053	90-kronoloji/00-devir.md	284
5054	90-kronoloji/00-devir.md	285
5055	90-kronoloji/00-devir.md	286
5056	90-kronoloji/00-devir.md	287
5057	90-kronoloji/00-devir.md	288
5058	90-kronoloji/00-devir.md	289
5059	90-kronoloji/00-devir.md	290
5060	90-kronoloji/00-devir.md	291
5061	90-kronoloji/00-devir.md	292
5062	90-kronoloji/00-devir.md	293
5063	90-kronoloji/00-devir.md	294
5064	90-kronoloji/00-devir.md	295
5065	90-kronoloji/00-devir.md	296
5066	90-kronoloji/00-devir.md	297
5067	90-kronoloji/00-devir.md	298
5068	90-kronoloji/00-devir.md	299
5069	90-kronoloji/00-devir.md	300
5070	90-kronoloji/00-devir.md	301
5071	90-kronoloji/00-devir.md	302
5072	90-kronoloji/00-devir.md	303
5073	90-kronoloji/00-devir.md	304
5074	90-kronoloji/00-devir.md	305
5075	90-kronoloji/00-devir.md	306
5076	90-kronoloji/00-devir.md	307
5077	90-kronoloji/00-devir.md	308
5078	90-kronoloji/00-devir.md	309
5079	90-kronoloji/00-devir.md	310
5080	90-kronoloji/00-devir.md	311
5081	90-kronoloji/00-devir.md	312
5082	90-kronoloji/00-devir.md	313
5083	90-kronoloji/00-devir.md	314
5084	90-kronoloji/00-devir.md	315
5085	90-kronoloji/00-devir.md	316
5086	90-kronoloji/00-devir.md	317
5087	90-kronoloji/00-devir.md	318
5088	90-kronoloji/00-devir.md	319
5089	90-kronoloji/00-devir.md	320
5090	90-kronoloji/00-devir.md	321
5091	90-kronoloji/00-devir.md	322
5092	90-kronoloji/00-devir.md	323
5093	90-kronoloji/00-devir.md	324
5094	90-kronoloji/00-devir.md	325
5095	90-kronoloji/00-devir.md	326
5096	90-kronoloji/00-devir.md	327
5097	90-kronoloji/00-devir.md	328
5098	90-kronoloji/00-devir.md	329
5099	90-kronoloji/00-devir.md	330
5100	90-kronoloji/00-devir.md	331
5101	90-kronoloji/00-devir.md	332
5102	90-kronoloji/00-devir.md	333
5103	90-kronoloji/00-devir.md	334
5104	90-kronoloji/00-devir.md	335
5105	90-kronoloji/00-devir.md	336
5106	90-kronoloji/00-devir.md	337
5107	90-kronoloji/00-devir.md	338
5108	90-kronoloji/00-devir.md	339
5109	90-kronoloji/00-devir.md	340
5110	90-kronoloji/00-devir.md	341
5111	90-kronoloji/00-devir.md	342
5112	90-kronoloji/00-devir.md	343
5113	90-kronoloji/00-devir.md	344
5114	90-kronoloji/00-devir.md	345
5115	90-kronoloji/00-devir.md	346
5116	90-kronoloji/00-devir.md	347
5117	90-kronoloji/00-devir.md	348
5118	90-kronoloji/00-devir.md	349
5119	90-kronoloji/00-devir.md	350
5120	90-kronoloji/00-devir.md	351
5121	90-kronoloji/00-devir.md	352
5122	90-kronoloji/00-devir.md	353
5123	90-kronoloji/00-devir.md	354
5124	90-kronoloji/00-devir.md	355
5125	90-kronoloji/00-devir.md	356
5126	90-kronoloji/00-devir.md	357
5127	90-kronoloji/00-devir.md	358
5128	90-kronoloji/00-devir.md	359
5129	90-kronoloji/00-devir.md	360
5130	90-kronoloji/00-devir.md	361
5131	90-kronoloji/00-devir.md	362
5132	90-kronoloji/00-devir.md	363
5133	90-kronoloji/00-devir.md	364
5134	90-kronoloji/00-devir.md	365
5135	90-kronoloji/00-devir.md	366
5136	90-kronoloji/00-devir.md	367
5137	90-kronoloji/00-devir.md	368
5138	90-kronoloji/00-devir.md	369
5139	90-kronoloji/00-devir.md	370
5140	90-kronoloji/00-devir.md	371
5141	90-kronoloji/00-devir.md	372
5142	90-kronoloji/00-devir.md	373
5143	90-kronoloji/00-devir.md	374
5144	90-kronoloji/00-devir.md	375
5145	90-kronoloji/00-devir.md	376
5146	90-kronoloji/00-devir.md	377
5147	90-kronoloji/00-devir.md	378
5148	90-kronoloji/00-devir.md	379
5149	90-kronoloji/00-devir.md	380
5150	90-kronoloji/00-devir.md	381
5151	90-kronoloji/00-devir.md	382
5152	90-kronoloji/00-devir.md	383
5153	90-kronoloji/00-devir.md	384
5154	90-kronoloji/00-devir.md	385
5155	90-kronoloji/00-devir.md	386
5156	90-kronoloji/00-devir.md	387
5157	90-kronoloji/00-devir.md	388
5158	90-kronoloji/00-devir.md	389
5159	90-kronoloji/00-devir.md	390
5160	90-kronoloji/00-devir.md	391
5161	90-kronoloji/00-devir.md	392
5162	90-kronoloji/00-devir.md	393
5163	90-kronoloji/00-devir.md	394
5164	90-kronoloji/00-devir.md	395
5165	90-kronoloji/00-devir.md	396
5166	90-kronoloji/00-devir.md	397
5167	90-kronoloji/00-devir.md	398
5168	90-kronoloji/00-devir.md	399
5169	90-kronoloji/00-devir.md	400
5170	90-kronoloji/00-devir.md	401
5171	90-kronoloji/00-devir.md	402
5172	90-kronoloji/00-devir.md	403
5173	90-kronoloji/00-devir.md	404
5174	90-kronoloji/00-devir.md	405
5175	90-kronoloji/00-devir.md	406
5176	90-kronoloji/00-devir.md	407
5177	90-kronoloji/00-devir.md	408
5178	90-kronoloji/00-devir.md	409
5179	90-kronoloji/00-devir.md	410
5180	90-kronoloji/00-devir.md	411
5181	90-kronoloji/00-devir.md	412
5182	90-kronoloji/00-devir.md	413
5183	90-kronoloji/00-devir.md	414
5184	90-kronoloji/00-devir.md	415
5185	90-kronoloji/00-devir.md	416
5186	90-kronoloji/00-devir.md	417
5187	90-kronoloji/00-devir.md	418
5188	90-kronoloji/00-devir.md	419
5189	90-kronoloji/00-devir.md	420
5190	90-kronoloji/00-devir.md	421
5191	90-kronoloji/00-devir.md	422
5192	90-kronoloji/00-devir.md	423
5193	90-kronoloji/00-devir.md	424
5194	90-kronoloji/00-devir.md	425
5195	90-kronoloji/00-devir.md	426
5196	90-kronoloji/00-devir.md	427
5197	90-kronoloji/00-devir.md	428
5198	90-kronoloji/00-devir.md	429
5199	90-kronoloji/00-devir.md	430
5200	90-kronoloji/00-devir.md	431
5201	90-kronoloji/00-devir.md	432
5202	90-kronoloji/00-devir.md	433
5203	90-kronoloji/00-devir.md	434
5204	90-kronoloji/00-devir.md	435
5205	90-kronoloji/00-devir.md	436
5206	90-kronoloji/00-devir.md	437
5207	90-kronoloji/00-devir.md	438
5208	90-kronoloji/00-devir.md	439
5209	90-kronoloji/00-devir.md	440
5210	90-kronoloji/00-devir.md	441
5211	90-kronoloji/00-devir.md	442
5212	90-kronoloji/00-devir.md	443
5213	90-kronoloji/00-devir.md	444
5214	90-kronoloji/00-devir.md	445
5215	90-kronoloji/00-devir.md	446
5216	90-kronoloji/00-devir.md	447
5217	90-kronoloji/00-devir.md	448
5218	90-kronoloji/00-devir.md	449
5219	90-kronoloji/00-devir.md	450
5220	90-kronoloji/00-devir.md	451
5221	90-kronoloji/00-devir.md	452
5222	90-kronoloji/00-devir.md	453
5223	90-kronoloji/00-devir.md	454
5224	90-kronoloji/00-devir.md	455
5225	90-kronoloji/00-devir.md	456
5226	90-kronoloji/00-devir.md	457
5227	90-kronoloji/00-devir.md	458
5228	90-kronoloji/00-devir.md	459
5229	90-kronoloji/00-devir.md	460
5230	90-kronoloji/00-devir.md	461
5231	90-kronoloji/00-devir.md	462
5232	90-kronoloji/00-devir.md	463
5233	90-kronoloji/00-devir.md	464
5234	90-kronoloji/00-devir.md	465
5235	90-kronoloji/00-devir.md	466
5236	90-kronoloji/00-devir.md	467
5237	90-kronoloji/00-devir.md	468
5238	90-kronoloji/00-devir.md	469
5239	90-kronoloji/00-devir.md	470
5240	90-kronoloji/00-devir.md	471
5241	90-kronoloji/00-devir.md	472
5242	90-kronoloji/00-devir.md	473
5243	90-kronoloji/00-devir.md	474
5244	90-kronoloji/00-devir.md	475
5245	90-kronoloji/00-devir.md	476
5246	90-kronoloji/00-devir.md	477
5247	90-kronoloji/00-devir.md	478
5248	90-kronoloji/00-devir.md	479
5249	90-kronoloji/00-devir.md	480
5250	90-kronoloji/00-devir.md	481
5251	90-kronoloji/00-devir.md	482
5252	90-kronoloji/00-devir.md	483
5253	90-kronoloji/00-devir.md	484
5254	90-kronoloji/00-devir.md	485
5255	90-kronoloji/00-devir.md	486
5256	90-kronoloji/00-devir.md	487
5257	90-kronoloji/00-devir.md	488
5258	90-kronoloji/00-devir.md	489
5259	90-kronoloji/00-devir.md	490
5260	90-kronoloji/00-devir.md	491
5261	90-kronoloji/00-devir.md	492
5262	90-kronoloji/00-devir.md	493
5263	90-kronoloji/00-devir.md	494
5264	90-kronoloji/00-devir.md	495
5265	90-kronoloji/00-devir.md	496
5266	90-kronoloji/00-devir.md	497
5267	90-kronoloji/00-devir.md	498
5268	90-kronoloji/00-devir.md	499
5269	90-kronoloji/00-devir.md	500
5270	90-kronoloji/00-devir.md	501
5271	90-kronoloji/00-devir.md	502
5272	90-kronoloji/00-devir.md	503
5273	90-kronoloji/2026-07.md	869
5274	90-kronoloji/2026-07.md	870
5275	90-kronoloji/2026-07.md	871
5276	90-kronoloji/2026-07.md	872
5277	90-kronoloji/2026-07.md	873
5278	90-kronoloji/2026-07.md	874
5279	90-kronoloji/2026-07.md	875
5280	90-kronoloji/2026-07.md	876
5281	90-kronoloji/2026-07.md	877
5282	90-kronoloji/2026-07.md	878
5283	90-kronoloji/2026-07.md	879
5284	90-kronoloji/2026-07.md	880
5285	90-kronoloji/2026-07.md	881
5286	90-kronoloji/2026-07.md	882
5287	90-kronoloji/2026-07.md	883
5288	90-kronoloji/2026-07.md	884
5289	90-kronoloji/2026-07.md	885
5290	90-kronoloji/2026-07.md	886
5291	90-kronoloji/2026-07.md	887
5292	90-kronoloji/2026-07.md	888
5293	90-kronoloji/2026-07.md	889
5294	90-kronoloji/2026-07.md	890
5295	90-kronoloji/2026-07.md	891
5296	90-kronoloji/2026-07.md	892
5297	90-kronoloji/2026-07.md	893
5298	90-kronoloji/2026-07.md	894
5299	90-kronoloji/2026-07.md	895
5300	90-kronoloji/2026-07.md	896
5301	90-kronoloji/2026-07.md	897
5302	90-kronoloji/2026-07.md	898
5303	90-kronoloji/2026-07.md	899
5304	90-kronoloji/2026-07.md	900
5305	90-kronoloji/2026-07.md	901
5306	90-kronoloji/2026-07.md	902
5307	90-kronoloji/2026-07.md	903
5308	90-kronoloji/2026-07.md	904
5309	90-kronoloji/2026-07.md	905
5310	90-kronoloji/2026-07.md	906
5311	90-kronoloji/2026-07.md	907
5312	90-kronoloji/2026-07.md	908
5313	90-kronoloji/2026-07.md	909
5314	90-kronoloji/2026-07.md	910
5315	90-kronoloji/2026-07.md	911
5316	90-kronoloji/2026-07.md	912
5317	90-kronoloji/2026-07.md	913
5318	90-kronoloji/2026-07.md	914
5319	90-kronoloji/2026-07.md	915
5320	90-kronoloji/2026-07.md	916
5321	90-kronoloji/2026-07.md	917
5322	90-kronoloji/2026-07.md	918
5323	90-kronoloji/2026-07.md	919
5324	90-kronoloji/2026-07.md	920
5325	90-kronoloji/2026-07.md	921
5326	90-kronoloji/2026-07.md	922
5327	90-kronoloji/2026-07.md	923
5328	90-kronoloji/2026-07.md	924
5329	90-kronoloji/2026-07.md	925
5330	90-kronoloji/2026-07.md	926
5331	90-kronoloji/2026-07.md	927
5332	90-kronoloji/2026-07.md	928
5333	90-kronoloji/2026-07.md	929
5334	90-kronoloji/2026-07.md	930
5335	90-kronoloji/2026-07.md	931
5336	90-kronoloji/2026-07.md	932
5337	90-kronoloji/2026-07.md	933
5338	90-kronoloji/2026-07.md	934
5339	90-kronoloji/2026-07.md	935
5340	90-kronoloji/2026-07.md	936
5341	90-kronoloji/2026-07.md	937
5342	90-kronoloji/2026-07.md	938
5343	90-kronoloji/2026-07.md	939
5344	90-kronoloji/2026-07.md	940
5345	90-kronoloji/2026-07.md	941
5346	90-kronoloji/2026-07.md	942
5347	90-kronoloji/2026-07.md	943
5348	90-kronoloji/2026-07.md	944
5349	90-kronoloji/2026-07.md	945
5350	90-kronoloji/2026-07.md	946
5351	90-kronoloji/2026-07.md	947
5352	90-kronoloji/2026-07.md	948
5353	90-kronoloji/2026-07.md	949
5354	90-kronoloji/2026-07.md	950
5355	90-kronoloji/2026-07.md	951
5356	90-kronoloji/2026-07.md	952
5357	90-kronoloji/2026-07.md	953
5358	90-kronoloji/2026-07.md	954
5359	90-kronoloji/2026-07.md	955
5360	90-kronoloji/2026-07.md	956
5361	90-kronoloji/2026-07.md	957
5362	90-kronoloji/2026-07.md	958
5363	90-kronoloji/2026-07.md	959
5364	90-kronoloji/2026-07.md	960
5365	90-kronoloji/2026-07.md	961
5366	90-kronoloji/2026-07.md	962
5367	90-kronoloji/2026-07.md	963
5368	90-kronoloji/2026-07.md	964
5369	90-kronoloji/2026-07.md	965
5370	90-kronoloji/2026-07.md	966
5371	90-kronoloji/2026-07.md	967
5372	90-kronoloji/2026-07.md	968
5373	90-kronoloji/2026-07.md	969
5374	90-kronoloji/2026-07.md	970
5375	90-kronoloji/2026-07.md	971
5376	90-kronoloji/2026-07.md	972
5377	90-kronoloji/2026-07.md	973
5378	90-kronoloji/2026-07.md	974
5379	90-kronoloji/2026-07.md	975
5380	90-kronoloji/2026-07.md	976
5381	90-kronoloji/2026-07.md	977
5382	90-kronoloji/2026-07.md	978
5383	90-kronoloji/2026-07.md	979
5384	90-kronoloji/2026-07.md	980
5385	90-kronoloji/2026-07.md	981
5386	90-kronoloji/2026-07.md	982
5387	90-kronoloji/2026-07.md	983
5388	90-kronoloji/2026-07.md	984
5389	90-kronoloji/2026-07.md	985
5390	90-kronoloji/2026-07.md	986
5391	90-kronoloji/2026-07.md	987
5392	90-kronoloji/2026-07.md	988
5393	90-kronoloji/2026-07.md	989
5394	90-kronoloji/2026-07.md	990
5395	90-kronoloji/2026-07.md	991
5396	90-kronoloji/2026-07.md	992
5397	90-kronoloji/2026-07.md	993
5398	90-kronoloji/2026-07.md	994
5399	90-kronoloji/2026-07.md	995
5400	90-kronoloji/2026-07.md	996
5401	90-kronoloji/2026-07.md	997
5402	90-kronoloji/2026-07.md	998
5403	90-kronoloji/2026-07.md	999
5404	90-kronoloji/2026-07.md	1000
5405	90-kronoloji/2026-07.md	1001
5406	90-kronoloji/2026-07.md	1002
5407	90-kronoloji/2026-07.md	1003
5408	90-kronoloji/2026-07.md	1004
5409	90-kronoloji/2026-07.md	1005
5410	90-kronoloji/2026-07.md	1006
5411	90-kronoloji/2026-07.md	1007
5412	90-kronoloji/2026-07.md	1008
5413	90-kronoloji/2026-07.md	1009
5414	90-kronoloji/2026-07.md	1010
5415	90-kronoloji/2026-07.md	1011
5416	90-kronoloji/2026-07.md	1012
5417	90-kronoloji/2026-07.md	1013
5418	90-kronoloji/2026-07.md	1014
5419	90-kronoloji/2026-07.md	1015
5420	90-kronoloji/2026-07.md	1016
5421	90-kronoloji/2026-07.md	1017
5422	90-kronoloji/2026-07.md	1018
5423	90-kronoloji/2026-07.md	1019
5424	90-kronoloji/2026-07.md	1020
5425	90-kronoloji/2026-07.md	1021
5426	90-kronoloji/2026-07.md	1022
5427	90-kronoloji/2026-07.md	1023
5428	90-kronoloji/2026-07.md	1024
5429	90-kronoloji/2026-07.md	1025
5430	90-kronoloji/2026-07.md	1026
5431	90-kronoloji/2026-07.md	1027
5432	90-kronoloji/2026-07.md	1028
5433	90-kronoloji/2026-07.md	1029
5434	90-kronoloji/2026-07.md	1030
5435	90-kronoloji/2026-07.md	1031
5436	90-kronoloji/2026-07.md	1032
5437	90-kronoloji/2026-07.md	1033
5438	90-kronoloji/2026-07.md	1034
5439	90-kronoloji/2026-07.md	1035
5440	90-kronoloji/2026-07.md	1036
5441	90-kronoloji/2026-07.md	1037
5442	90-kronoloji/2026-07.md	1038
5443	90-kronoloji/2026-07.md	1039
5444	90-kronoloji/2026-07.md	1040
5445	90-kronoloji/2026-07.md	1041
5446	90-kronoloji/2026-07.md	1042
5447	90-kronoloji/2026-07.md	1043
5448	90-kronoloji/2026-07.md	1044
5449	90-kronoloji/2026-07.md	1045
5450	90-kronoloji/2026-07.md	1046
5451	90-kronoloji/2026-07.md	1047
5452	90-kronoloji/2026-07.md	1048
5453	90-kronoloji/2026-07.md	1049
5454	90-kronoloji/2026-07.md	1050
5455	90-kronoloji/2026-07.md	1051
5456	90-kronoloji/2026-07.md	1052
5457	90-kronoloji/2026-07.md	1053
5458	90-kronoloji/2026-07.md	1054
5459	90-kronoloji/2026-07.md	1055
5460	90-kronoloji/2026-07.md	1056
5461	90-kronoloji/2026-07.md	1057
5462	90-kronoloji/2026-07.md	1058
5463	90-kronoloji/2026-07.md	1059
5464	90-kronoloji/2026-07.md	1060
5465	90-kronoloji/2026-07.md	1061
5466	90-kronoloji/2026-07.md	1062
5467	90-kronoloji/2026-07.md	1063
5468	90-kronoloji/2026-07.md	1064
5469	90-kronoloji/2026-07.md	1065
5470	90-kronoloji/2026-07.md	1066
5471	90-kronoloji/2026-07.md	1067
5472	90-kronoloji/2026-07.md	1068
5473	90-kronoloji/2026-07.md	1069
5474	90-kronoloji/2026-07.md	1070
5475	90-kronoloji/2026-07.md	1071
5476	90-kronoloji/2026-07.md	1072
5477	90-kronoloji/2026-07.md	1073
5478	90-kronoloji/2026-07.md	1074
5479	90-kronoloji/2026-07.md	1075
5480	90-kronoloji/2026-07.md	1076
5481	90-kronoloji/2026-07.md	1077
5482	90-kronoloji/2026-07.md	1078
5483	90-kronoloji/2026-07.md	1079
5484	90-kronoloji/2026-07.md	1080
5485	90-kronoloji/2026-07.md	1081
5486	90-kronoloji/2026-07.md	1082
5487	90-kronoloji/2026-07.md	1083
5488	90-kronoloji/2026-07.md	1084
5489	90-kronoloji/2026-07.md	1085
5490	90-kronoloji/2026-07.md	1086
5491	90-kronoloji/2026-07.md	1087
5492	90-kronoloji/2026-07.md	1088
5493	90-kronoloji/2026-07.md	1089
5494	90-kronoloji/2026-07.md	1090
5495	90-kronoloji/2026-07.md	1091
5496	90-kronoloji/2026-07.md	1092
5497	90-kronoloji/2026-07.md	1093
5498	90-kronoloji/2026-07.md	1094
5499	90-kronoloji/2026-07.md	1095
5500	90-kronoloji/2026-07.md	1096
5501	90-kronoloji/2026-07.md	1097
5502	90-kronoloji/2026-07.md	1098
5503	90-kronoloji/2026-07.md	1099
5504	90-kronoloji/2026-07.md	1100
5505	90-kronoloji/2026-07.md	1101
5506	90-kronoloji/2026-07.md	1102
5507	90-kronoloji/2026-07.md	1103
5508	90-kronoloji/2026-07.md	1104
5509	90-kronoloji/2026-07.md	1105
5510	90-kronoloji/2026-07.md	1106
5511	90-kronoloji/2026-07.md	1107
5512	90-kronoloji/2026-07.md	1108
5513	90-kronoloji/2026-07.md	1109
5514	90-kronoloji/2026-07.md	1110
5515	90-kronoloji/2026-07.md	1111
5516	90-kronoloji/2026-07.md	1112
5517	90-kronoloji/2026-07.md	1113
5518	90-kronoloji/2026-07.md	1114
5519	90-kronoloji/2026-07.md	1115
5520	90-kronoloji/2026-07.md	1116
5521	90-kronoloji/2026-07.md	1117
5522	90-kronoloji/2026-07.md	1118
5523	90-kronoloji/2026-07.md	1119
5524	90-kronoloji/2026-07.md	1120
5525	90-kronoloji/2026-07.md	1121
5526	90-kronoloji/2026-07.md	1122
5527	90-kronoloji/2026-07.md	1123
5528	90-kronoloji/2026-07.md	1124
5529	90-kronoloji/2026-07.md	1125
5530	90-kronoloji/2026-07.md	1126
5531	90-kronoloji/2026-07.md	1127
5532	90-kronoloji/2026-07.md	1128
5533	90-kronoloji/2026-07.md	1129
5534	90-kronoloji/2026-07.md	1130
5535	90-kronoloji/2026-07.md	1131
5536	90-kronoloji/2026-07.md	1132
5537	90-kronoloji/2026-07.md	1133
5538	90-kronoloji/2026-07.md	1134
5539	90-kronoloji/2026-07.md	1135
5540	90-kronoloji/2026-07.md	1136
5541	90-kronoloji/2026-07.md	1137
5542	90-kronoloji/2026-07.md	1138
5543	90-kronoloji/2026-07.md	1139
5544	90-kronoloji/2026-07.md	1140
5545	90-kronoloji/2026-07.md	1141
5546	90-kronoloji/2026-07.md	1142
5547	90-kronoloji/2026-07.md	1143
5548	90-kronoloji/2026-07.md	1144
5549	90-kronoloji/2026-07.md	1145
5550	90-kronoloji/2026-07.md	1146
5551	90-kronoloji/2026-07.md	1147
5552	90-kronoloji/2026-07.md	1148
5553	90-kronoloji/2026-07.md	1149
5554	90-kronoloji/2026-07.md	1150
5555	90-kronoloji/2026-07.md	1151
5556	90-kronoloji/2026-07.md	1152
5557	90-kronoloji/2026-07.md	1153
5558	90-kronoloji/2026-07.md	1154
5559	90-kronoloji/2026-07.md	1155
5560	90-kronoloji/2026-07.md	1156
5561	90-kronoloji/2026-07.md	1157
5562	90-kronoloji/2026-07.md	1158
5563	90-kronoloji/2026-07.md	1159
5564	90-kronoloji/2026-07.md	1160
5565	90-kronoloji/2026-07.md	1161
5566	90-kronoloji/2026-07.md	1162
5567	90-kronoloji/2026-07.md	1163
5568	90-kronoloji/2026-07.md	1164
5569	90-kronoloji/2026-07.md	1165
5570	90-kronoloji/2026-07.md	1166
5571	90-kronoloji/2026-07.md	1167
5572	90-kronoloji/2026-07.md	1168
5573	90-kronoloji/2026-07.md	1169
5574	90-kronoloji/2026-07.md	1170
5575	90-kronoloji/2026-07.md	1171
5576	90-kronoloji/2026-07.md	1172
5577	90-kronoloji/2026-07.md	1173
5578	90-kronoloji/2026-07.md	1174
5579	90-kronoloji/2026-07.md	1175
5580	90-kronoloji/2026-07.md	1176
5581	90-kronoloji/2026-07.md	1177
5582	90-kronoloji/2026-07.md	1178
5583	90-kronoloji/2026-07.md	1179
5584	90-kronoloji/2026-07.md	1180
5585	90-kronoloji/2026-07.md	1181
5586	90-kronoloji/2026-07.md	1182
5587	90-kronoloji/2026-07.md	1183
5588	90-kronoloji/2026-07.md	1184
5589	90-kronoloji/2026-07.md	1185
5590	90-kronoloji/2026-07.md	1186
5591	90-kronoloji/2026-07.md	1187
5592	90-kronoloji/2026-07.md	1188
5593	90-kronoloji/2026-07.md	1189
5594	90-kronoloji/2026-07.md	1190
5595	90-kronoloji/2026-07.md	1191
5596	90-kronoloji/2026-07.md	1192
5597	90-kronoloji/2026-07.md	1193
5598	90-kronoloji/2026-07.md	1194
5599	90-kronoloji/2026-07.md	1195
5600	90-kronoloji/2026-07.md	1196
5601	90-kronoloji/2026-07.md	1197
5602	90-kronoloji/2026-07.md	1198
5603	90-kronoloji/2026-07.md	1199
5604	90-kronoloji/2026-07.md	1200
5605	90-kronoloji/2026-07.md	1201
5606	90-kronoloji/2026-07.md	1202
5607	90-kronoloji/2026-07.md	1203
5608	90-kronoloji/2026-07.md	1204
5609	90-kronoloji/2026-07.md	1205
5610	90-kronoloji/2026-07.md	1206
5611	90-kronoloji/2026-07.md	1207
5612	90-kronoloji/2026-07.md	1208
5613	90-kronoloji/2026-07.md	1209
5614	90-kronoloji/2026-07.md	1210
5615	90-kronoloji/2026-07.md	1211
5616	90-kronoloji/2026-07.md	1212
5617	90-kronoloji/2026-07.md	1213
5618	90-kronoloji/2026-07.md	1214
5619	90-kronoloji/2026-07.md	1215
5620	90-kronoloji/2026-07.md	1216
5621	90-kronoloji/2026-07.md	1217
5622	90-kronoloji/2026-07.md	1218
5623	90-kronoloji/2026-07.md	1219
5624	90-kronoloji/2026-07.md	1220
5625	90-kronoloji/2026-07.md	1221
5626	90-kronoloji/2026-07.md	1222
5627	90-kronoloji/2026-07.md	1223
5628	90-kronoloji/2026-07.md	1224
5629	90-kronoloji/2026-07.md	1225
5630	90-kronoloji/2026-07.md	1226
5631	90-kronoloji/2026-07.md	1227
5632	90-kronoloji/2026-07.md	1228
5633	90-kronoloji/2026-07.md	1229
5634	90-kronoloji/2026-07.md	1230
5635	90-kronoloji/2026-07.md	1231
5636	90-kronoloji/2026-07.md	1232
5637	90-kronoloji/2026-07.md	1233
5638	90-kronoloji/2026-07.md	1234
5639	90-kronoloji/2026-07.md	1235
5640	90-kronoloji/2026-07.md	1236
5641	90-kronoloji/2026-07.md	1237
5642	90-kronoloji/2026-08.md	117
5643	90-kronoloji/2026-08.md	118
5644	90-kronoloji/2026-08.md	119
5645	90-kronoloji/2026-08.md	120
5646	90-kronoloji/2026-08.md	121
5647	90-kronoloji/2026-08.md	122
5648	90-kronoloji/2026-08.md	123
5649	90-kronoloji/2026-08.md	124
5650	90-kronoloji/2026-08.md	125
5651	90-kronoloji/2026-08.md	126
5652	90-kronoloji/2026-08.md	127
5653	90-kronoloji/2026-08.md	128
5654	90-kronoloji/2026-08.md	129
5655	90-kronoloji/2026-08.md	130
5656	90-kronoloji/2026-08.md	131
5657	90-kronoloji/2026-08.md	132
5658	90-kronoloji/2026-08.md	133
5659	90-kronoloji/2026-08.md	134
5660	90-kronoloji/2026-08.md	135
5661	90-kronoloji/2026-08.md	136
5662	90-kronoloji/2026-08.md	137
5663	90-kronoloji/2026-08.md	138
5664	90-kronoloji/2026-08.md	139
5665	90-kronoloji/2026-08.md	140
5666	90-kronoloji/2026-08.md	141
5667	90-kronoloji/2026-08.md	142
5668	90-kronoloji/2026-08.md	143
5669	90-kronoloji/2026-08.md	144
5670	90-kronoloji/2026-08.md	145
5671	90-kronoloji/2026-08.md	146
5672	90-kronoloji/2026-08.md	147
5673	90-kronoloji/2026-08.md	148
5674	90-kronoloji/2026-08.md	149
5675	90-kronoloji/2026-08.md	150
